| 标题                                           | 标题链接                                     | 发布日期       |
|----------------------------------------------|------------------------------------------|------------|
| 每个创作者都应该有 GitHub 账号                          | https://blog.tujunjie.com/20230523120206 | 2023/5/23  |
| 哪些事要重复做                                      | https://blog.tujunjie.com/20230515153744 | 2023/5/15  |
| 如何向导师寻求帮助？                                   | https://blog.tujunjie.com/20230508154111 | 2023/5/8   |
| 又到了炫樱桃的季节                                    | https://blog.tujunjie.com/20230501153122 | 2023/5/1   |
| Ai 来了，什么技能最值得我们学？                            | https://blog.tujunjie.com/20230425201744 | 2023/4/25  |
| 想成为创造导向的人，有 3 条建议                            | https://blog.tujunjie.com/20230424222856 | 2023/4/24  |
| 鲁迅教我做人                                       | https://blog.tujunjie.com/20230417134721 | 2023/4/17  |
| 试着不拒绝新体验                                     | https://blog.tujunjie.com/20230410142743 | 2023/4/10  |
| 交易员的日课                                       | https://blog.tujunjie.com/20230525172034 | 2023/2/13  |
| 我性格的弱点，在交易上全部体现                              | https://blog.tujunjie.com/20230207205900 | 2023/2/7   |
| 温柔地进入 2023 年                                 | https://blog.tujunjie.com/20230130205900 | 2023/1/30  |
| 良善和残忍存于一身，这才是我们                              | https://blog.tujunjie.com/20230116210000 | 2023/1/16  |
| 个人大数据：涂俊杰2022年的8760小时                        | https://blog.tujunjie.com/20230111152059 | 2023/1/11  |
| 《哈迪斯》提前预定年度游戏                                | https://blog.tujunjie.com/20230109210312 | 2023/1/9   |
| 2022 年我想过但没做的选题                              | https://blog.tujunjie.com/20221224210601 | 2022/12/24 |
| 2022 年的内容推荐                                  | https://blog.tujunjie.com/20230525173920 | 2022/12/23 |
| 病毒凶猛，大家要注意防护啊                                | https://blog.tujunjie.com/20230525172150 | 2022/12/19 |
| 2022 年我放弃了什么                                 | https://blog.tujunjie.com/20230525172249 | 2022/12/18 |
| 2022 年我的投资收益                                 | https://blog.tujunjie.com/20230525172311 | 2022/12/17 |
| 我的办公桌面和常用软硬件（2022.12）                        | https://blog.tujunjie.com/20230525172333 | 2022/12/16 |
| 我把钱投给他们了（2022）                               | https://blog.tujunjie.com/20230525172350 | 2022/12/15 |
| 得了喉癌的「蝙蝠侠」和 Ai 复活                            | https://blog.tujunjie.com/20230525172409 | 2022/12/15 |
| 2022 年我买了多少东西                                | https://blog.tujunjie.com/20230525172426 | 2022/12/14 |
| 时间在哪，成就在哪（2022）                              | https://blog.tujunjie.com/20230525172451 | 2022/12/13 |
| 你有什么人、财、物、技？                                 | https://blog.tujunjie.com/20230525172510 | 2022/12/12 |
| 2022 年学到的 5 个新技能                             | https://blog.tujunjie.com/20230525172527 | 2022/12/11 |
| 2022 年的 60 件小事                               | https://blog.tujunjie.com/20230525172544 | 2022/12/10 |
| 做自己的面试官                                      | https://blog.tujunjie.com/20230525172603 | 2022/12/9  |
| 三年就练 7 个字                                    | https://blog.tujunjie.com/20230525172619 | 2022/12/8  |
| 我的年度影视剧/游戏/综艺                                | https://blog.tujunjie.com/20230525172653 | 2022/12/7  |
| 你的年度网站是哪个？                                   | https://blog.tujunjie.com/20230525172714 | 2022/12/6  |
| 年报怎么写？                                       | https://blog.tujunjie.com/20230525172736 | 2022/12/5  |
| 2022年读过和想看的书                                 | https://blog.tujunjie.com/20230525172754 | 2022/12/4  |
| 选工具的标准                                       | https://blog.tujunjie.com/20230525172812 | 2022/11/28 |
| 幸福的时候，一个字也不想写                                | https://blog.tujunjie.com/20230525172834 | 2022/11/21 |
| 吃着火锅唱着歌，钱没了                                  | https://blog.tujunjie.com/20230525172912 | 2022/11/14 |
| 创作者的最小系统                                     | https://blog.tujunjie.com/20230525172936 | 2022/11/7  |
| 怎样成为香饽饽？                                     | https://blog.tujunjie.com/20230525172952 | 2022/10/31 |
| 如果你有一块巨大的广告牌，你会写什么？                          | https://blog.tujunjie.com/20230520100018 | 2022/10/24 |
| 从消费者变成创造者                                    | https://blog.tujunjie.com/20230520100601 | 2022/10/17 |
| 没有坏人的《一年一度喜剧大赛》丨马东                           | https://blog.tujunjie.com/20230520101618 | 2022/10/16 |
| 和《新闻编辑室》学说话                                  | https://blog.tujunjie.com/20230520102408 | 2022/10/14 |
| 如何看待刘小样接受《半边天》的采访在 2022 年再次走红？               | https://blog.tujunjie.com/20230524111135 | 2022/10/13 |
| 和《人物》杂志学写年报                                  | https://blog.tujunjie.com/20230520102747 | 2022/10/10 |
| 骚操作亏钱经历                                      | https://blog.tujunjie.com/20230520103205 | 2022/10/5  |
| 他人的故事，是我们内心的延续                               | https://blog.tujunjie.com/20230520103706 | 2022/9/26  |
| 没有信息过载，只有过滤失败                                | https://blog.tujunjie.com/20230520104704 | 2022/9/19  |
| 我们太缺少「自洽」了                                   | https://blog.tujunjie.com/20230520105148 | 2022/9/12  |
| 活着就是不断「证明」自己的过程吗                             | https://blog.tujunjie.com/20230520110136 | 2022/9/5   |
| 还能写点儿什么，日子就没白过                               | https://blog.tujunjie.com/20230520110708 | 2022/8/29  |
| 19 亿网站里，哪个是你                                 | https://blog.tujunjie.com/20230520122340 | 2022/8/28  |
| 创造过程中，自己就出现了                                 | https://blog.tujunjie.com/20230520105902 | 2022/8/22  |
| 播客用无版权音乐分享                                   | https://blog.tujunjie.com/20230520122944 | 2022/8/21  |
| 以张潇雨为方法                                      | https://blog.tujunjie.com/20230520123932 | 2022/8/15  |
| 关于升级笔记系统的思考                                  | https://blog.tujunjie.com/20230520125037 | 2022/7/14  |
| 2022 年上半年总结                                  | https://blog.tujunjie.com/20230520125645 | 2022/7/5   |
| 我从张潇雨身上学到的。                                  | https://blog.tujunjie.com/20230520130346 | 2022/6/15  |
| 3 年后我仍在高频使用的工具                               | https://blog.tujunjie.com/20230520130659 | 2022/6/13  |
| 个人大数据：涂俊杰 2020 年的 8760 小时                    | https://blog.tujunjie.com/20230520131509 | 2022/6/5   |
| 我的 1% 计划。                                    | https://blog.tujunjie.com/20230520131919 | 2022/6/4   |
| 个人大数据：涂俊杰 2021 年的 8760 小时                    | https://blog.tujunjie.com/20230520133407 | 2022/5/9   |
| 2020 年我的投资收益                                 | https://blog.tujunjie.com/20230520133907 | 2021/2/10  |
| 2020 年我在娱乐些啥                                 | https://blog.tujunjie.com/20230520134147 | 2021/2/9   |
| 2020 年我学到了什么                                 | https://blog.tujunjie.com/20230520134549 | 2021/2/8   |
| 2020 年我的时间花在哪儿                               | https://blog.tujunjie.com/20230520135344 | 2021/2/7   |
| 2020 年我得到了什么                                 | https://blog.tujunjie.com/20230520140905 | 2021/2/4   |
| 2020 年我放弃了什么                                 | https://blog.tujunjie.com/20230520141120 | 2021/2/3   |
| 2020 年我读过的好书                                 | https://blog.tujunjie.com/20230520141322 | 2021/2/2   |
| 快速入门写作的 5 条技巧                                | https://blog.tujunjie.com/20230520144137 | 2020/9/22  |
| 5 分钟搞定日复盘                                    | https://blog.tujunjie.com/20230520145410 | 2020/9/21  |
| 我在昆明吃了一周豆腐！                                  | https://blog.tujunjie.com/20230520145806 | 2020/9/18  |
| 什么样的基本款 T 恤值得推荐？                             | https://blog.tujunjie.com/20230524112116 | 2020/9/5   |
| 推荐已经连更 4 年，写了 100 万字的公众号                     | https://blog.tujunjie.com/20230520150239 | 2020/8/31  |
| 你有学习的榜样和研究的对象吗？                              | https://blog.tujunjie.com/20230520150914 | 2020/8/30  |
| 这半个月我从堂弟身上学到的事                               | https://blog.tujunjie.com/20230520151753 | 2020/8/26  |
| 每天至少给一个人提供价值                                 | https://blog.tujunjie.com/20230520151955 | 2020/8/21  |
| 自由职业后钱从哪儿来，时间往哪儿去                            | https://blog.tujunjie.com/20230520152335 | 2020/8/19  |
| 来自未来的留言丨时间胶囊                                 | https://blog.tujunjie.com/20230520154038 | 2020/8/18  |
| 堂弟来广州一周，我教了这些内容                              | https://blog.tujunjie.com/20230520154220 | 2020/8/17  |
| 办一场演讲赚 1 亿的男人                                | https://blog.tujunjie.com/20230520160638 | 2020/8/14  |
| “30 天减 9kg” 的低碳水饮食法践行体会                      | https://blog.tujunjie.com/20230520161004 | 2020/8/13  |
| 接高二的堂弟来广州玩                                   | https://blog.tujunjie.com/20230520163421 | 2020/8/11  |
| 那些没时间学习的人，5 年后会怎样？                           | https://blog.tujunjie.com/20230520164358 | 2020/8/10  |
| 你会不会每天不做什么心里就不舒服？                            | https://blog.tujunjie.com/20230520165010 | 2020/8/9   |
| 你有过 “这事成了” 的感觉吗？                             | https://blog.tujunjie.com/20230520170210 | 2020/8/7   |
| 第一次和滴滴师傅聊了半小时                                | https://blog.tujunjie.com/20230520170353 | 2020/8/6   |
| 如何通过身边的新闻赚钱丨读书笔记                             | https://blog.tujunjie.com/20230520170805 | 2020/8/5   |
| 2020 年第 31 周时间记录 by 涂俊杰                      | https://blog.tujunjie.com/20230520171308 | 2020/8/3   |
| 你花钱的方式是不是搞错了？                                | https://blog.tujunjie.com/20230520171823 | 2020/7/29  |
| 当大家谈论牛市，怎么听懂他们在说什么                           | https://blog.tujunjie.com/20230520172730 | 2020/7/8   |
| 同事炒股赚了我 1 个月工资，我买不买？                         | https://blog.tujunjie.com/20230520173250 | 2020/7/7   |
| 如果你有无限的时间和钱                                  | https://blog.tujunjie.com/20230520173941 | 2020/7/3   |
| 个人大数据：2020 年年中报告                             | https://blog.tujunjie.com/20230520205304 | 2020/7/1   |
| 如何找到一个合适的细分领域，让自己成为该领域的专家？                   | https://blog.tujunjie.com/20230524234419 | 2020/6/9   |
| 停更 3 个月                                      | https://blog.tujunjie.com/20230520210405 | 2020/6/2   |
| 《富爸爸穷爸爸》教我的 3 件事                             | https://blog.tujunjie.com/20230520210834 | 2020/3/1   |
| 从 0 开始定投比特币                                  | https://blog.tujunjie.com/20230520211007 | 2020/2/29  |
| 财务自检 5 步骤                                    | https://blog.tujunjie.com/20230520211347 | 2020/2/25  |
| 个人大数据：涂俊杰 2019 年的 8760 小时                    | https://blog.tujunjie.com/20230520214127 | 2020/2/8   |
| 把我微信里优秀的朋友推荐给你！                              | https://blog.tujunjie.com/20230520215549 | 2020/2/5   |
| 2019 年我每个月都做了哪些事？                            | https://blog.tujunjie.com/20230520220459 | 2020/2/4   |
| 影响百万赚百万？                                     | https://blog.tujunjie.com/20230520220615 | 2020/2/3   |
| 2019 年意料之外的 7 个里程碑事件                         | https://blog.tujunjie.com/20230520220711 | 2020/2/2   |
| 2019 年核心目标完成情况                               | https://blog.tujunjie.com/20230520220925 | 2020/2/1   |
| 2019 年我学到的 6 个赚钱的技能！                         | https://blog.tujunjie.com/20230520221205 | 2020/1/31  |
| 2019 年我在想什么？                                 | https://blog.tujunjie.com/20230521101824 | 2020/1/30  |
| 要致富，先修开拓思维的路                                 | https://blog.tujunjie.com/20230521102624 | 2020/1/29  |
| 关于财富的 2 条人生公式                                | https://blog.tujunjie.com/20230521102821 | 2020/1/28  |
| 做不了 3 年以上的事，一分钟也别花                           | https://blog.tujunjie.com/20230521102927 | 2020/1/14  |
| “你得告诉别人你卖什么。”                                | https://blog.tujunjie.com/20230521103106 | 2020/1/13  |
| 你和世界对话的方式是什么？                                | https://blog.tujunjie.com/20230521103205 | 2020/1/6   |
| 你给未来的自己准备了礼物吗？                               | https://blog.tujunjie.com/20230521103319 | 2020/1/5   |
| 我把钱投给他们了                                     | https://blog.tujunjie.com/20230521103436 | 2019/12/25 |
| 怎样确保自己能完成 2020 年计划？                          | https://blog.tujunjie.com/20230521103519 | 2019/12/24 |
| 毕业之后，你还有错题本吗？                                | https://blog.tujunjie.com/20230521103609 | 2019/12/23 |
| 是时候开始投资了                                     | https://blog.tujunjie.com/20230521103720 | 2019/12/22 |
| 如果说人和人的差距在下班后的 4 小时，那么你用这 4 小时干什么了？          | https://blog.tujunjie.com/20230521104012 | 2019/12/18 |
| 没有信息 Roi，读书和看小说有什么区别                         | https://blog.tujunjie.com/20230521104136 | 2019/12/17 |
| 每天花 3.5 小时娱乐，你收获了什么？                         | https://blog.tujunjie.com/20230521104452 | 2019/12/16 |
| 怎么花钱才爽？                                      | https://blog.tujunjie.com/20230521104537 | 2019/12/15 |
| 第一次见女方或男方家长送什么礼物好？                           | https://blog.tujunjie.com/20230524234600 | 2019/12/12 |
| 避开这 3 种冲动消费，能帮你节省不少钱                         | https://blog.tujunjie.com/20230521104643 | 2019/12/12 |
| 我的私人成长利器                                     | https://blog.tujunjie.com/20230521104818 | 2019/12/11 |
| 你用什么来判断现在在人生中所处的位置？                          | https://blog.tujunjie.com/20230521105004 | 2019/12/6  |
| 如果你没事做，就一年读 200 本书                           | https://blog.tujunjie.com/20230521105241 | 2019/12/5  |
| 怎么知道自己是怎样的人？                                 | https://blog.tujunjie.com/20230524234733 | 2019/11/12 |
| 个人大数据：2019 年 Q3 季度报告                         | https://blog.tujunjie.com/20230521112955 | 2019/10/16 |
| 学不会只是时间预算不够，没别的                              | https://blog.tujunjie.com/20230521113123 | 2019/9/16  |
| “时不时做出令人敬佩的事，这样就会有人主动找你做朋友。”                 | https://blog.tujunjie.com/20230521113247 | 2019/9/11  |
| 怎样用成功日记找到内心热爱？                               | https://blog.tujunjie.com/20230521113355 | 2019/9/9   |
| 这件事你想做却做不到，但她可以帮你                            | https://blog.tujunjie.com/20230521113529 | 2019/9/4   |
| 拒绝拖延，让你快速行动的小技巧                              | https://blog.tujunjie.com/20230521113650 | 2019/9/3   |
| 这 18 条原则，一字千金                                | https://blog.tujunjie.com/20230521114130 | 2019/8/18  |
| 明知道最重要的事只有一件，为什么就做不到呢？                       | https://blog.tujunjie.com/20230521114310 | 2019/8/8   |
| 你的警铃响了吗？                                     | https://blog.tujunjie.com/20230521114417 | 2019/7/31  |
| 把花掉的钱赚回来                                     | https://blog.tujunjie.com/20230521114850 | 2019/7/30  |
| 面向金钱生活，把自己变得 “庸俗” 丨读书笔记                      | https://blog.tujunjie.com/20230521115407 | 2019/7/21  |
| 小镇青年逆袭学霸的学习方法丨读书笔记                           | https://blog.tujunjie.com/20230521123323 | 2019/7/16  |
| 我从未见过懒惰的人                                    | https://blog.tujunjie.com/20230521123531 | 2019/7/14  |
| 个人大数据：2019 年 Q2 季度报告                         | https://blog.tujunjie.com/20230521124119 | 2019/7/11  |
| 2019 年上半年原创文章推荐                              | https://blog.tujunjie.com/20230521124248 | 2019/7/10  |
| 除了专业知识，你还得掌握这 7 项必备的软技能丨读书笔记                 | https://blog.tujunjie.com/20230521124634 | 2019/7/9   |
| 去外伶仃岛 ，有什么是绝对不能错过的？                          | https://blog.tujunjie.com/20230524235120 | 2019/7/4   |
| 《了凡四训》到底是哪四训？丨读书笔记                           | https://blog.tujunjie.com/20230521124747 | 2019/6/30  |
| 我的每日自省清单                                     | https://blog.tujunjie.com/20230521124936 | 2019/6/26  |
| 3 年时间，72 篇珍藏文章，向你推荐这 10 篇                    | https://blog.tujunjie.com/20230521125114 | 2019/6/25  |
| 学会如何学习，轻松变学霸丨读书笔记                            | https://blog.tujunjie.com/20230521125310 | 2019/6/19  |
| 普通人投资理财就这三条原则，两个字，但大部分人还是亏了                  | https://blog.tujunjie.com/20230521125553 | 2019/6/17  |
| 实例丨主动勾搭生涯规划专家柏永辉老师                           | https://blog.tujunjie.com/20230521125901 | 2019/6/12  |
| 有哪些简洁的人生建议？                                  | https://blog.tujunjie.com/20230524235244 | 2019/6/11  |
| 最基本的 “选书方法论” 丨附经典书单                          | https://blog.tujunjie.com/20230521131048 | 2019/6/11  |
| 因为不想停，所以才停下                                  | https://blog.tujunjie.com/20230521131153 | 2019/6/10  |
| 我向往的创作环境                                     | https://blog.tujunjie.com/20230521131403 | 2019/6/2   |
| 你多久没 “用” 你的朋友圈了？                             | https://blog.tujunjie.com/20230521131939 | 2019/5/30  |
| 怎样活在未来？                                      | https://blog.tujunjie.com/20230521132201 | 2019/5/27  |
| 有哪些事越早开始做越好？                                 | https://blog.tujunjie.com/20230521132315 | 2019/5/23  |
| 大学教授被查出癌症晚期，他决定撕掉假面具丨影评                      | https://blog.tujunjie.com/20230521132920 | 2019/5/22  |
| 公开场合说谁谁哪儿不好，挺丢人的                             | https://blog.tujunjie.com/20230521132543 | 2019/5/21  |
| 如果碰壁，你会自认倒霉，还是再试试？                           | https://blog.tujunjie.com/20230521134736 | 2019/5/14  |
| 怎样找到命中注定的工作？丨读书笔记                            | https://blog.tujunjie.com/20230521134935 | 2019/5/9   |
| 用 “风马牛不相及法” 挖掘你的细分领域                         | https://blog.tujunjie.com/20230521135141 | 2019/5/7   |
| 那些嘲讽读书无用的人，你永远都不知道，你错过了什么                    | https://blog.tujunjie.com/20230521135456 | 2019/5/6   |
| 这 52 条感悟，希望我越早明白越好                           | https://blog.tujunjie.com/20230521135543 | 2019/5/3   |
| 如何用滴答清单建立清单体系？                               | https://blog.tujunjie.com/20230521140225 | 2019/4/28  |
| “你可以在 1 年内多赚 20%，3 年内收入翻倍。” 丨读书笔记            | https://blog.tujunjie.com/20230521141331 | 2019/4/27  |
| 书单丨我书架上逢人必推的 5 本书                            | https://blog.tujunjie.com/20230521141552 | 2019/4/23  |
| MOS Excel 2016 Expert 备考指南                   | https://blog.tujunjie.com/20230521141945 | 2019/4/22  |
| 个人大数据：2019 年 Q1 季度报告                         | https://blog.tujunjie.com/20230521142553 | 2019/4/21  |
| 朋友劝我给 A 股送钱试试                                | https://blog.tujunjie.com/20230521142756 | 2019/4/17  |
| 用麦肯锡模型实现技能卡变现                                | https://blog.tujunjie.com/20230521143046 | 2019/4/16  |
| 做个好管家，管好你的时间、精力、天赋，钱丨读书笔记                    | https://blog.tujunjie.com/20230521143132 | 2019/4/15  |
| 怎样勾搭大佬？                                      | https://blog.tujunjie.com/20230521145450 | 2019/4/10  |
| 轻轻松松，把写作效率提高 30%                             | https://blog.tujunjie.com/20230521145724 | 2019/4/7   |
| 别相信你能靠意志坚持的鬼话                                | https://blog.tujunjie.com/20230521145925 | 2019/4/6   |
| 2019 订阅源更新 v1                                | https://blog.tujunjie.com/20230521150045 | 2019/4/5   |
| 如果意外身亡，我的数字财产怎么办？                            | https://blog.tujunjie.com/20230521150531 | 2019/4/3   |
| “是你过去的每一个决定，把你推到了今天。”                        | https://blog.tujunjie.com/20230521150820 | 2019/4/2   |
| 用 “避免核心目标拖延大法” 让时薪翻倍                         | https://blog.tujunjie.com/20230521151031 | 2019/4/1   |
| 你有没有因为读了哪本书，才开始读更多书？                         | https://blog.tujunjie.com/20230521151150 | 2019/3/31  |
| 你为什么开始记录时间？                                  | https://blog.tujunjie.com/20230521151338 | 2019/3/30  |
| 做了单 100 万的生意，2019 年第 1 件里程碑事件                | https://blog.tujunjie.com/20230521151615 | 2019/3/20  |
| 今天可以不刷剧吗？我想请你坐下，回答自己 7 个问题                   | https://blog.tujunjie.com/20230521151750 | 2019/3/19  |
| 这个值钱的习惯希望你接住                                 | https://blog.tujunjie.com/20230521151929 | 2019/3/6   |
| 如何避免核心目标习惯性拖延                                | https://blog.tujunjie.com/20230521152727 | 2019/2/28  |
| 最重要的事只有一件丨读书笔记                               | https://blog.tujunjie.com/20230521152945 | 2019/2/27  |
| 继续 “消极型人格”，会单身一辈子哦                           | https://blog.tujunjie.com/20230521153123 | 2019/2/25  |
| 自由职业不自由丨读书笔记                                 | https://blog.tujunjie.com/20230521153219 | 2019/2/24  |
| 学会一项新技能要花多久？                                 | https://blog.tujunjie.com/20230521153517 | 2019/2/22  |
| “没时间，没办法，不知道。”                               | https://blog.tujunjie.com/20230521153620 | 2019/2/21  |
| 向美国国父学做记录丨读书笔记                               | https://blog.tujunjie.com/20230521153921 | 2019/2/20  |
| 为什么我每天思考 6 万件事，仍然学不会如何思考                     | https://blog.tujunjie.com/20230521154227 | 2019/2/19  |
| 请停止无效努力丨读书笔记                                 | https://blog.tujunjie.com/20230521154353 | 2019/2/18  |
| 耍小聪明的时间记录者                                   | https://blog.tujunjie.com/20230521154509 | 2019/2/17  |
| 一天不止 24 小时丨读书笔记                              | https://blog.tujunjie.com/20230521154623 | 2019/2/14  |
| 张弛用这个方法成为巴音布鲁克的王                             | https://blog.tujunjie.com/20230521154702 | 2019/2/13  |
| 春节期间没做记录时间怎么办？                               | https://blog.tujunjie.com/20230521154822 | 2019/2/12  |
| 3 次提问帮你每周节约 8 小时丨读书笔记                        | https://blog.tujunjie.com/20230521154938 | 2019/2/10  |
| 从安卓 aTimeLogger 切换到 iOS 的 TimeTrack          | https://blog.tujunjie.com/20230521161236 | 2019/2/6   |
| 手机半死不活的抢救方案                                  | https://blog.tujunjie.com/20230521161830 | 2019/2/5   |
| 为什么有人买 8000 块的手机不觉得贵？                        | https://blog.tujunjie.com/20230521161937 | 2019/2/3   |
| 有没有能记录我一天在每件事上花了多少时间的 App？                   | https://blog.tujunjie.com/20230521162250 | 2019/1/31  |
| 记录生活是小众需求吗？                                  | https://blog.tujunjie.com/20230521162519 | 2019/1/30  |
| 每天 15 分钟，留住你的人生                              | https://blog.tujunjie.com/20230521162820 | 2019/1/29  |
| 87 岁 “经营之神” 给年轻人的 12 条建议丨读书笔记                | https://blog.tujunjie.com/20230521162933 | 2019/1/28  |
| 未来 3 到 5 年，互联网人应该重点培养哪种能力？                   | https://blog.tujunjie.com/20230521163104 | 2019/1/25  |
| 求锦鲤不如求自己，定目标我是认真的丨 少数派 2018 年度征文             | https://blog.tujunjie.com/20230523225220 | 2019/1/24  |
| 用这三句话把自己骂醒                                   | https://blog.tujunjie.com/20230521163212 | 2019/1/24  |
| 哪些手机 App 构成了我的日常？                            | https://blog.tujunjie.com/20230521164602 | 2019/1/23  |
| 上班族开拓副业收入的 3 种方法                             | https://blog.tujunjie.com/20230521165051 | 2019/1/22  |
| 减重 15 斤的秘诀就这一条                               | https://blog.tujunjie.com/20230521165705 | 2019/1/21  |
| 万物互联，当你的一切都被记录                               | https://blog.tujunjie.com/20230521170815 | 2019/1/20  |
| 闲懒像吻，被偷走才是甜的丨《发现心流》读书笔记                      | https://blog.tujunjie.com/20230521170946 | 2019/1/18  |
| 写在时间记录 20000 小时后丨我的记录体系起源                    | https://blog.tujunjie.com/20230521171327 | 2019/1/17  |
| 重要资料不备份你就等着吧指南                               | https://blog.tujunjie.com/20230521171548 | 2019/1/16  |
| 多大的人了，连微信加好友的礼貌都不懂？                          | https://blog.tujunjie.com/20230521171738 | 2019/1/15  |
| 构建知识体系的 “快速通道”                               | https://blog.tujunjie.com/20230521171923 | 2019/1/14  |
| Qq 邮箱还能帮你记生日？                                | https://blog.tujunjie.com/20230521172138 | 2019/1/13  |
| 3 个小习惯，帮助你深度思考丨《好好学习》读书笔记                    | https://blog.tujunjie.com/20230521174200 | 2019/1/11  |
| 个人大数据：涂俊杰 2018 年的 8760 小时                    | https://blog.tujunjie.com/20230521194617 | 2019/1/10  |
| 如果至少有 10 位大咖向你推荐同一种学习方法，你愿意学吗？               | https://blog.tujunjie.com/20230521203107 | 2019/1/9   |
| 有一种病叫拿起麦克风就语无伦次丨参加银行螺丝钉读者见面会有感               | https://blog.tujunjie.com/20230521203304 | 2019/1/7   |
| 2019 年第 1 周，做好这几件事                           | https://blog.tujunjie.com/20230521203619 | 2019/1/6   |
| 为什么说列出目标只完成了 “年度计划” 的 ⅓                      | https://blog.tujunjie.com/20230521203906 | 2019/1/5   |
| 从网易云歌单看性格                                    | https://blog.tujunjie.com/20230521204103 | 2019/1/4   |
| 你和有钱人哪里不一样丨读书笔记                              | https://blog.tujunjie.com/20230521204322 | 2019/1/3   |
| 痴迷量化的 “直男癌男友” 说情话                            | https://blog.tujunjie.com/20230521204452 | 2019/1/2   |
| 过去一年我创造了什么？                                  | https://blog.tujunjie.com/20230521204718 | 2019/1/1   |
| 想象要狂野，预言要自证丨 2019 年目标                        | https://blog.tujunjie.com/20230522093839 | 2018/12/30 |
| 如果给今年打个分，怎么打？打几分？                            | https://blog.tujunjie.com/20230522094053 | 2018/12/29 |
| 365 天后，我只剩一半 “朋友”                            | https://blog.tujunjie.com/20230522095027 | 2018/12/28 |
| 2018，谢谢你们让我变得更好！                             | https://blog.tujunjie.com/20230522095201 | 2018/12/27 |
| 年底，资产盘点怎么做？                                  | https://blog.tujunjie.com/20230522095612 | 2018/12/26 |
| 2018，美食不可辜负！                                 | https://blog.tujunjie.com/20230522095805 | 2018/12/25 |
| 2018 年，我去了贵阳 / 佛山 / 海陵岛 / 长隆海洋王国             | https://blog.tujunjie.com/20230522100826 | 2018/12/24 |
| 怎样快速做出决定？                                    | https://blog.tujunjie.com/20230522100706 | 2018/12/24 |
| 相互偷看，彼此沉默（原标题：沉默的父爱）                         | https://blog.tujunjie.com/20230522100452 | 2018/12/24 |
| 怎么写日记？                                       | https://blog.tujunjie.com/20230522100336 | 2018/12/24 |
| 整理照片时才惊觉时间飞逝                                 | https://blog.tujunjie.com/20230522101048 | 2018/12/23 |
| 568 小时 “阅览”，是什么组成了我？                         | https://blog.tujunjie.com/20230522103003 | 2018/12/22 |
| 求知欲≈每天提问 81 次                                | https://blog.tujunjie.com/20230522103146 | 2018/12/21 |
| “混日子” 的正确姿势                                  | https://blog.tujunjie.com/20230522103648 | 2018/12/20 |
| “多和这个世界产生联系”                                 | https://blog.tujunjie.com/20230522103814 | 2018/12/19 |
| 我希望 aTimeLogger 是什么样的社群？                     | https://blog.tujunjie.com/20230522104051 | 2018/12/18 |
| 生活是动态的                                       | https://blog.tujunjie.com/20230522103947 | 2018/12/18 |
| 2018，最重要的做 3 件事！                             | https://blog.tujunjie.com/20230522104235 | 2018/12/17 |
| 时间在哪，成就在哪                                    | https://blog.tujunjie.com/20230522104358 | 2018/12/16 |
| 娱乐时间连起来可以看 378 次复联 3                         | https://blog.tujunjie.com/20230522104512 | 2018/12/15 |
| 总有一笔账，不算不知道…                                 | https://blog.tujunjie.com/20230522104633 | 2018/12/14 |
| 我今年意识到的 22 条变化                               | https://blog.tujunjie.com/20230522104751 | 2018/12/13 |
| 想法再好，也要落地                                    | https://blog.tujunjie.com/20230522104945 | 2018/12/12 |
| 2018 年我购买的物件                                 | https://blog.tujunjie.com/20230522105412 | 2018/12/11 |
| 2018 年我 “特别关注” 他们                            | https://blog.tujunjie.com/20230522105123 | 2018/12/10 |
| 2018 碎片信息源变化                                 | https://blog.tujunjie.com/20230522105753 | 2018/12/9  |
| 2018 年度关键词：阅读                                | https://blog.tujunjie.com/20230522105850 | 2018/12/8  |
| 涂俊杰的 2018 年的角色分配饼图                           | https://blog.tujunjie.com/20230522110009 | 2018/12/7  |
| 写给 aTimeLogger 群友的信                          | https://blog.tujunjie.com/20230522110133 | 2018/12/6  |
| 坚持记账1000天，我学会的3件事…                           | https://blog.tujunjie.com/20230523224743 | 2018/10/12 |
| 十年百句丨它们帮我构建三观                                | https://blog.tujunjie.com/20230522110406 | 2018/9/5   |
| 2018 年第 3-4 周 #想法# 汇总                        | https://blog.tujunjie.com/20230522110600 | 2018/1/29  |
| 个人大数据：涂俊杰 2017 年的 8760 小时                    | https://blog.tujunjie.com/20230522114525 | 2018/1/21  |
| 分享搞机 13 年，那些让我更有效率的优秀软件（Win10＆Android）       | https://blog.tujunjie.com/20230522121005 | 2017/10/9  |
| 投放百度信息流，怎样批量、有逻辑的快速上新计划？                     | https://blog.tujunjie.com/20230522121726 | 2017/9/19  |
| 信息流效果不好？可能是你没有认真做过业务分析丨附红酒项目投放案例             | https://blog.tujunjie.com/20230522125404 | 2017/9/12  |
| 认识自己的 3 条途径和 10 种方法                          | https://blog.tujunjie.com/20230522130751 | 2017/9/2   |
| 学英语 100 天丨学生时代的学习能力不是巅峰，想学习的时候才是             | https://blog.tujunjie.com/20230522131401 | 2017/7/2   |
| 这是我在一直坚持的事，你的呢？                              | https://blog.tujunjie.com/20230522131535 | 2017/5/24  |
| 庆祝 7 天早起群，四月结业                               | https://blog.tujunjie.com/20230522131751 | 2017/5/7   |
| 庆祝 7 天早起群，四期结业                               | https://blog.tujunjie.com/20230522131948 | 2017/4/21  |
| 趁年轻，尽量去过 “找麻烦” 的人生                           | https://blog.tujunjie.com/20230522132350 | 2017/4/15  |
| 庆祝 7 天早起群，三期结业                               | https://blog.tujunjie.com/20230522132545 | 2017/4/13  |
| 庆祝 7 天早起群，二期结业                               | https://blog.tujunjie.com/20230522132801 | 2017/4/6   |
| 庆祝 7 天早起群，一期结业                               | https://blog.tujunjie.com/20230522133114 | 2017/3/30  |
| 手把手教你用Excel分析网站流量（实例讲解）                      | https://blog.tujunjie.com/20230524104312 | 2017/3/29  |
| 一些让我变得更好的小技巧                                 | https://blog.tujunjie.com/20230522133520 | 2017/3/25  |
| 花了 70 小时 56 分 31 秒，看完 100 场ted，我经历了什么，收获了什么？ | https://blog.tujunjie.com/20230522193629 | 2017/3/22  |
| 24 岁，写给我爸                                    | https://blog.tujunjie.com/20230523121219 | 2017/3/17  |
| 24 岁，写给我妈                                    | https://blog.tujunjie.com/20230523121131 | 2017/3/17  |
| 24 岁，写给自己                                    | https://blog.tujunjie.com/20230523120928 | 2017/3/17  |
| 我在思考，我现在由衷的热爱什么？                             | https://blog.tujunjie.com/20230523121827 | 2017/3/2   |
| 我从这 4 场知乎 Live 获得的感悟，以及如果我是主讲人会怎么做？          | https://blog.tujunjie.com/20230523122154 | 2017/3/1   |
| 怎样设计并制作一份运营报告？                               | https://blog.tujunjie.com/20230523123754 | 2017/1/16  |
| 个人大数据：涂俊杰 2016 年的 8760 小时                    | https://blog.tujunjie.com/20230523133612 | 2017/1/4   |
| 公众号上线之前，我做了哪些准备？                             | https://blog.tujunjie.com/20230523134233 | 2016/12/31 |
| 百度统计和cnzz实际使用效果评测                            | https://blog.tujunjie.com/20230523215935 | 2016/12/21 |
| 11年q龄纪念                                      | https://blog.tujunjie.com/20230526133139 | 2016/12/19 |
| 一位 90 后运营者的精进之路：3 年运营工作教会了我什么？               | https://blog.tujunjie.com/20230523220238 | 2016/11/30 |
| 我们都是不真实的人                                    | https://blog.tujunjie.com/20230523224208 | 2016/11/22 |
| 从新手到部门 Leader：2 年管理经验的 90 后，总结了 12000 字管理心得  | https://blog.tujunjie.com/20230523220516 | 2016/11/15 |
| 三十岁前不要怕                                      | https://blog.tujunjie.com/20230526132703 | 2016/11/15 |
| 如果你今夜就死去                                     | https://blog.tujunjie.com/20230526131552 | 2016/10/29 |
| 数据人生丨如何进行高效的目标管理？                            | https://blog.tujunjie.com/20230523221515 | 2016/10/25 |
| 21 天早起计划（8.29-9.18）日记                        | https://blog.tujunjie.com/20230524105610 | 2016/10/14 |
| 怎样才能把心底产生的那种转瞬即逝的决心保持住？                      | https://blog.tujunjie.com/20230524235455 | 2016/9/13  |
| 搜索引擎营销术语全解                                   | https://blog.tujunjie.com/20230524102632 | 2016/9/8   |
| 如何构建自己的笔记系统？                                 | https://blog.tujunjie.com/20230523214612 | 2016/8/26  |
| 数据分析中会常犯哪些错误，如何解决？                           | https://blog.tujunjie.com/20230524102311 | 2016/8/10  |
| 如何高效的搜索？                                     | https://blog.tujunjie.com/20230525000928 | 2016/7/23  |
| 在「魏则西事件」中，除了抵制百度，还有哪些更重要的事情？                 | https://blog.tujunjie.com/20230524110040 | 2016/5/3   |
| 长大了，再不咬文嚼字                                   | https://blog.tujunjie.com/20230526122317 | 2016/4/20  |
| 使用哪些软件能极大提高工作效率？                             | https://blog.tujunjie.com/20230523224045 | 2016/3/17  |
| 妈妈生日快乐                                       | https://blog.tujunjie.com/20230526130759 | 2016/3/16  |
| 人生他处，必有照应                                    | https://blog.tujunjie.com/20230526124247 | 2015/9/25  |
| 忆第一次参加招聘会                                    | https://blog.tujunjie.com/20230526124412 | 2015/9/21  |
| 低头吃饭，他先动筷，我跟着                                | https://blog.tujunjie.com/20230526124816 | 2015/9/12  |
| 「离开」是一种什么样的体验？                               | https://blog.tujunjie.com/20230525091333 | 2015/8/17  |
| 你经历过哪些「小确幸」？                                 | https://blog.tujunjie.com/20230525162107 | 2015/7/11  |
| 小龙虾引发的大情绪                                    | https://blog.tujunjie.com/20230526123616 | 2015/6/6   |
| 塞班是如何衰败的？                                    | https://blog.tujunjie.com/20230525162509 | 2015/4/17  |
| 你好，陌生人                                       | https://blog.tujunjie.com/20230526122655 | 2015/4/15  |
| 别扭，就不强求                                      | https://blog.tujunjie.com/20230526121724 | 2015/4/9   |
| 爱哭鬼，从不哭                                      | https://blog.tujunjie.com/20230526115301 | 2015/4/8   |
| 歌王之夜，汪涵救场                                    | https://blog.tujunjie.com/20230526131037 | 2015/3/28  |
| 为什么我们的密码常换？                                  | https://blog.tujunjie.com/20230526114705 | 2015/3/27  |
| 烂尾桥烂尾楼                                       | https://blog.tujunjie.com/20230526114341 | 2015/3/24  |
| 梦幻西游——空空                                     | https://blog.tujunjie.com/20230526114129 | 2015/3/23  |
| 不要剧透，不要剧透                                    | https://blog.tujunjie.com/20230526113930 | 2015/3/21  |
| 可是门在哪里？                                      | https://blog.tujunjie.com/20230526113602 | 2015/3/18  |
| 不打陕西招牌的凉皮                                    | https://blog.tujunjie.com/20230526113345 | 2015/3/16  |
| 曾经的手艺人                                       | https://blog.tujunjie.com/20230526113056 | 2015/3/12  |
| 再玩一次拳皇97                                     | https://blog.tujunjie.com/20230526112834 | 2015/3/4   |
| 没头脑，无意义                                      | https://blog.tujunjie.com/20230526112138 | 2015/3/2   |
| 故事戛然而止                                       | https://blog.tujunjie.com/20230526111756 | 2015/2/27  |
| 挑扁担卖豆花                                       | https://blog.tujunjie.com/20230526111545 | 2015/2/25  |
| 不教胡马度阴山                                      | https://blog.tujunjie.com/20230526111339 | 2015/2/10  |
| 落bar，醒着到来年                                   | https://blog.tujunjie.com/20230526111011 | 2015/2/8   |
| 没错，我是个吃货                                     | https://blog.tujunjie.com/20230526110807 | 2015/2/7   |
| 每天能写文章（博客、微信公众号）的人是怎么安排时间的？                  | https://blog.tujunjie.com/20230525162845 | 2015/2/6   |
| 走一步路不需要勇气                                    | https://blog.tujunjie.com/20230526110653 | 2015/2/4   |
| 公交上的九年                                       | https://blog.tujunjie.com/20230526110528 | 2015/1/31  |
| 人各有志，我想试一试                                   | https://blog.tujunjie.com/20230526110423 | 2015/1/30  |
| “今年估计是能聚齐的最后一年了啊”                            | https://blog.tujunjie.com/20230526110326 | 2015/1/29  |
| 跌倒了，请让我好好休息一会。                               | https://blog.tujunjie.com/20230526105449 | 2015/1/22  |
| 如何看待「父母为生二胎逼得 13 岁长女自杀」？                     | https://blog.tujunjie.com/20230525163340 | 2015/1/20  |
| 时间太瘦，指缝太宽。                                   | https://blog.tujunjie.com/20230526105340 | 2015/1/18  |
| 他们只是路过                                       | https://blog.tujunjie.com/20230526105243 | 2015/1/15  |
| 与发小玄武湖泛舟                                     | https://blog.tujunjie.com/20230526105046 | 2015/1/13  |
| 你为什么不表白？                                     | https://blog.tujunjie.com/20230525163847 | 2015/1/12  |
| 我与歌的故事                                       | https://blog.tujunjie.com/20230526104728 | 2015/1/11  |
| 往前十里，地铁半小时                                   | https://blog.tujunjie.com/20230526104528 | 2015/1/10  |
| 进碟，起歌。                                       | https://blog.tujunjie.com/20230526104405 | 2015/1/9   |
| 我在广州的房东                                      | https://blog.tujunjie.com/20230526104228 | 2015/1/7   |
| 在最艰难的时刻，是什么让你度过难关？                           | https://blog.tujunjie.com/20230525164108 | 2015/1/3   |
| 顾城的生平是否影响别人喜欢他的诗？                            | https://blog.tujunjie.com/20230524110747 | 2014/12/30 |
| 一个缺乏特长的知乎新人如何在知乎上获得更多注意和认同？                  | https://blog.tujunjie.com/20230525164338 | 2014/8/29  |
| 为什么人们长时间不联系会导致关系疏远？                          | https://blog.tujunjie.com/20230525164521 | 2014/8/25  |
| 让你感动到哭的电影是什么？                                | https://blog.tujunjie.com/20230525164756 | 2014/8/22  |
