Title,Link,Date
AI 10 åˆ†é’Ÿå†™ä¸‡å­—æ–‡ï¼Œä½†æ‰¾ä¸åˆ°ä¸€ä¸ªæ´»äºº,https://blog.tujunjie.com/20250724111032,2025/07/24
æ™®é€šå®¶é•¿é™ªå¨ƒæ‰“é€ è‹±è¯­å¯è’™ç¯å¢ƒçš„ 4 ä¸ªæ ¸å¿ƒ,https://blog.tujunjie.com/20250714223904,2025/07/14
è‚²å„¿å®å½• 7ï¼šè®° 1 å²å¥³å®çš„ 49 ä¸ªç¬é—´,https://blog.tujunjie.com/20250703160027,2025/07/03
å’Œ AI ç›¸å¤„çš„ 5 æ¡ç»éªŒ,https://blog.tujunjie.com/20250702143218,2025/07/02
22 ä¸ªæœ‰è¶£æœ‰ç”¨çš„ GitHub ä»“åº“,https://blog.tujunjie.com/20250611163100,2025/06/11
ä¸å†™ä¸€è¡Œä»£ç ï¼Œç”¨ AI åš Python å°å·¥å…·,https://blog.tujunjie.com/20250604143419,2025/06/04
æ¨èä¸€åº§ä¸°ç››çš„æ•°å­—èŠ±å›­ï¼š404 KIDS SEE GHOSTS,https://blog.tujunjie.com/20250525230720,2025/05/25
æˆ‘çš„ Excel æ—¥è®°ç³»ç»Ÿ,https://blog.tujunjie.com/20250523223326,2025/05/23
æœ‰ååŠ²çš„ 6 åˆ™å†å²æ•…äº‹,https://blog.tujunjie.com/20250521183608,2025/05/21
å¦‚ä½•æ‰“é€  AI é©±åŠ¨çš„ç¬¬äºŒå¤§è„‘,https://blog.tujunjie.com/20250520145101,2025/05/20
è·Ÿè¿™ 24 ä½ B ç«™ Up ä¸»çœ‹ä¸–ç•Œ,https://blog.tujunjie.com/20250519174233,2025/05/19
ç¿»å¼€æˆ‘çš„ 2024,https://blog.tujunjie.com/20250518181506,2025/05/18
AI ç»™æˆ‘çš„ 3 æ¡èµšé’±å»ºè®®,https://blog.tujunjie.com/20250514184246,2025/05/14
2024 å¹´æˆ‘çš„æŠ•èµ„æ”¶ç›Š,https://blog.tujunjie.com/20250513133013,2025/05/13
2024 å¹´çš„ 66 ä»¶ç”Ÿæ´»å°äº‹,https://blog.tujunjie.com/20250509182651,2025/05/09
15 ä¸‡æ¡æµè§ˆè®°å½•ï¼Œæˆ‘åœ¨åˆ·ä»€ä¹ˆ,https://blog.tujunjie.com/20250508145109,2025/05/08
æ¸¸æ³³æ—¶é•¿ä¸¤å¹´åŠçš„ 5 ç‚¹æ€è€ƒ,https://blog.tujunjie.com/20250507130904,2025/05/07
äº’è”ç½‘ä¸æ¢ç¯æ³¡ä¿®ç‡ƒæ°”ç¶é˜²æ°´å µæ¼,https://blog.tujunjie.com/20250506155820,2025/05/06
43 ä¸ªç‰¹åˆ«å…³æ³¨çš„ä¿¡æ¯æº,https://blog.tujunjie.com/20250505165406,2025/05/05
å“ˆå¼— H6 ç»å…¸ç‰ˆæè½¦å…¨è®°å½•,https://blog.tujunjie.com/20250430181606,2025/04/30
ç­”è¯»è€…é—®ï¼ˆ4ï¼‰ï¼šä½ å¯¹å­¦ä¹ è‹±è¯­çš„çœ‹æ³•ï¼Ÿ,https://blog.tujunjie.com/20250420214611,2025/04/21
ç­”è¯»è€…é—®ï¼ˆ3ï¼‰ï¼šäººç”Ÿçš„æ„ä¹‰æ˜¯ä»€ä¹ˆï¼Ÿ,https://blog.tujunjie.com/20250420142644,2025/04/20
ç­”è¯»è€…é—®ï¼ˆ2ï¼‰ï¼šä½ è§‰å¾—æœ€èƒ½ä»£è¡¨è‡ªå·±çš„ä½œå“æ˜¯ä»€ä¹ˆï¼Ÿ,https://blog.tujunjie.com/20250419134242,2025/04/19
ç­”è¯»è€…é—®ï¼ˆ1ï¼‰ï¼šå¦‚ä½•åšå‡ºä¸åæ‚”çš„é€‰æ‹©ï¼Ÿ,https://blog.tujunjie.com/20250417170557,2025/04/17
å¼ æ½‡é›¨å¾®åšç²¾é€‰ v1.2,https://blog.tujunjie.com/20250301103519,2025/03/01
å¤«å¦»ä¹‹é—´æœ€é‡è¦çš„,https://blog.tujunjie.com/20250111155523,2025/01/11
å›è´­å¥½ç‰©å’Œé‡çœ‹ N æ¬¡çš„å½±è§†å‰§,https://blog.tujunjie.com/20241227205508,2024/12/27
æ‰¾åˆ°ä½ äººç”Ÿçš„Â 100Â æœ¬ä¹¦,https://blog.tujunjie.com/20241222142936,2024/12/22
ä¸è¦å‡è£…æ€è€ƒ,https://blog.tujunjie.com/20241218184007,2024/12/18
é‡å¤åšè¿™ 23 ä»¶äº‹,https://blog.tujunjie.com/20241216202758,2024/12/16
æŠ–æŠ–åƒç°çš„æ–‡ä»¶å¤¹ï¼Œé¡ºä¾¿æ›´æ–°çœ‹æ¿,https://blog.tujunjie.com/20241215194756,2024/12/15
è¿™ 13 ç¯‡æ°¸ä¹…ç¬”è®°è¶Šè¯»è¶Šåš,https://blog.tujunjie.com/20241211170018,2024/12/11
ä¸æŠ˜è…¾äº†ï¼Œè¯»ä¹¦ç¬”è®°æˆ‘è¿™ä¹ˆåš,https://blog.tujunjie.com/20241209224437,2024/12/09
å“ªäº›ä¹¦ç»„æˆäº†ä½ ,https://blog.tujunjie.com/20241207173859,2024/12/07
4 å¹´ä¸ä¸Šç­ä»€ä¹ˆæ„Ÿè§‰,https://blog.tujunjie.com/20241204195655,2024/12/04
K çº¿é‡Œçš„äººç”Ÿï¼š2600 å°æ—¶çš„ç„¦è™‘ç‹‚å–œå’Œè¿·èŒ«,https://blog.tujunjie.com/20241124165955,2024/11/24
åå¹´æ‰“ 5 ä»½å·¥ï¼Œå¤©èƒ¡å¼€å±€åˆ°ä½œèŒ§è‡ªç¼š,https://blog.tujunjie.com/20241110135219,2024/11/10
æˆ‘çš„é˜²æ²‰è¿·ç³»ç»Ÿ,https://blog.tujunjie.com/20241105181054,2024/11/05
é è¿‘é‚£ä¸ªå†³å®šæ€§ç¬é—´,https://blog.tujunjie.com/20241104194222,2024/11/04
çˆ¶äº²å¯¹æˆ‘çš„å½±å“,https://blog.tujunjie.com/20241103205914,2024/11/03
æ€ä¹ˆç§¯ç´¯å†™ä½œç´ æ,https://blog.tujunjie.com/20241102150632,2024/11/02
ä¸€äººå…¬å¸æ”¶é’±çš„ 3 ç§æ–¹æ¡ˆ,https://blog.tujunjie.com/20241101202353,2024/11/01
äººç”Ÿ 7 å¤§å…³é”®é€‰æ‹©,https://blog.tujunjie.com/20241031135914,2024/10/31
å‡†å¤‡åœ¨è‡ªä¼ é‡Œå†™è¿™ 5 ä¸ªè¯é¢˜,https://blog.tujunjie.com/20241030135621,2024/10/30
é™æ—¶å…¬å¼€æŒ‘æˆ˜â€”â€”å†™è‡ªä¼ ,https://blog.tujunjie.com/20241028151209,2024/10/28
æ— å®ä½“ç”Ÿæ„çš„ 3 ä¸ªå…³é”®,https://blog.tujunjie.com/20241023134245,2024/10/23
äººäººèƒ½å¬æ‡‚è‹±æ–‡æ’­å®¢çš„ 4 ç§æ–¹æ³•,https://blog.tujunjie.com/20241021200444,2024/10/21
å›¾æ–‡æ¼”ç¤ºï¼Œæ— ä»£ç é‡‡é›†æ•°æ®çš„ 3 ç§æ–¹æ³•,https://blog.tujunjie.com/20241019175947,2024/10/19
æ”¾å¼ƒæ›¾ç»è‹¦å­¦çš„æŠ€èƒ½,https://blog.tujunjie.com/20241018173947,2024/10/18
è‚²å„¿å®å½• 6ï¼šè‡ªç”¨æ–°ç”Ÿå„¿å¥½ç‰©ï¼ˆ0~3 æœˆé¾„ï¼‰,https://blog.tujunjie.com/20240914150201,2024/09/14
è‚²å„¿å®å½• 5ï¼šæ–°çˆ¸çˆ¸ä¸Šå²—åŸ¹è®­,https://blog.tujunjie.com/20240911190251,2024/09/11
è‚²å„¿å®å½• 4ï¼šå­•æœŸæœ€å¿ƒç–¼è€å©†çš„æ—¶åˆ»,https://blog.tujunjie.com/20240909134557,2024/09/09
è‚²å„¿å®å½• 3ï¼šæ€€èƒåæœˆè¦è·‘å¤šå°‘è¶ŸåŒ»é™¢,https://blog.tujunjie.com/20240907105001,2024/09/07
è‚²å„¿å®å½• 2ï¼šå¸¦å­©å­ä¹Ÿæ²¡é‚£ä¹ˆå¯æ€•,https://blog.tujunjie.com/20240818162708,2024/08/18
è‚²å„¿å®å½• 1ï¼šä¸è¦è®©è€å©†ç‹¬è‡ªé¢å¯¹ç”Ÿè‚²,https://blog.tujunjie.com/20240812203934,2024/08/12
æœ‰å¨ƒä¹‹åçš„å˜åŒ–,https://blog.tujunjie.com/20240721161000,2024/07/21
äº”æ–¤ä¸‰ä¸¤ï¼Œæ¯å¥³å¹³å®‰,https://blog.tujunjie.com/20240714140818,2024/07/14
é‰´ A è‚¡ä»¥å¾€è€ŒçŸ¥æœªæ¥,https://blog.tujunjie.com/20240630174805,2024/06/30
å¦‚ä½•è‡ªåˆ¶ä¸€æœ¬æ‚å¿—,https://blog.tujunjie.com/20240627184916,2024/06/27
è¯·è´¡çŒ® 1 ä¸ªè´¢å¯Œå¯†ç ,https://blog.tujunjie.com/20240625153043,2024/06/25
å›ç­”èŒƒå†°çš„ 5 ä¸ªé—®é¢˜,https://blog.tujunjie.com/20240623162520,2024/06/23
ä½ æœ‰ä»€ä¹ˆå•æ‰€è¯»ç‰©,https://blog.tujunjie.com/20240622150105,2024/06/22
å·¥ä½œè¿‘ 10 å¹´ï¼Œæˆ‘é è¿™ 9 ä¸ªæŠ€èƒ½åŒ…,https://blog.tujunjie.com/20240621212051,2024/06/21
æˆ‘å¯¹æœªæ¥çš„é¢„æµ‹,https://blog.tujunjie.com/2024062081547,2024/06/20
ç»™å°å­©å–åçš„æ€è·¯,https://blog.tujunjie.com/20240619105456,2024/06/19
æˆ‘çš„ 5 ä½è€å¸ˆ,https://blog.tujunjie.com/20240610194409,2024/06/10
å¯¹æç¬‘æ¥æœ€é‡è¦çš„ä¹¦å’Œæ–¹æ³•è®º,https://blog.tujunjie.com/20240608151842,2024/06/08
æç¬‘æ¥æ˜¯æ€ä¹ˆå‘å®¶è‡´å¯Œçš„,https://blog.tujunjie.com/20240606152817,2024/06/06
å‡å¦‚å®¶äººæ¥ç®¡ä½ çš„æŠ•èµ„è´¦æˆ·,https://blog.tujunjie.com/20240605220310,2024/06/05
æç¬‘æ¥çš„è´¢å¯Œå¯†ç ä¸å†æ˜¯ GAFATA,https://blog.tujunjie.com/20240605145858,2024/06/05
æç¬‘æ¥å¯¹æˆ‘æœ€å¤§çš„å½±å“,https://blog.tujunjie.com/20240604144703,2024/06/04
ç¬¬äº”æ¬¡è¯»ã€Šè´¢å¯Œè‡ªç”±ä¹‹è·¯ã€‹,https://blog.tujunjie.com/20240603220812,2024/06/03
30 å²é‡è¯»åˆä¸­å†å²,https://blog.tujunjie.com/20240202162540,2024/02/02
å¬äº† 40 ä¸ªå°æ—¶ã€Šå²è®°ã€‹çš„æ•…äº‹,https://blog.tujunjie.com/20240112202401,2024/01/12
æˆäººå†è¯»ä¹¦çš„ 7 ä¸ªæ­¥éª¤,https://blog.tujunjie.com/20240107152426,2024/01/07
æ¸…ç©ºå·²è´­ä¹¦å•,https://blog.tujunjie.com/20240105203641,2024/01/05
ä¸ªäººå¤§æ•°æ®ï¼šæ¶‚ä¿Šæ° 2023 å¹´çš„ 8760 å°æ—¶,https://blog.tujunjie.com/20240104175320,2024/01/04
2023 å¹´åº¦å…³é”®è¯ï¼šäººç‰©,https://blog.tujunjie.com/20240103140046,2024/01/03
7 å¹´ï¼Œç»ˆäºæŠŠå…¬ä¼—å·åå­—æ”¹äº†,https://blog.tujunjie.com/20231230162246,2023/12/30
é‡äº‹ä¸å†³ç…§ç€å¹²ï¼Œå¾·é›·å…‹ 31 æ¡æ“ä½œæŒ‡å—,https://blog.tujunjie.com/20231229134833,2023/12/29
å¾·é›·å…‹ 39 æ¡ä¸ä¼—ä¸åŒçš„åå¸¸è¯†,https://blog.tujunjie.com/20231228100638,2023/12/28
å¾·é›·å…‹åšæ–‡é‡Œ 7 ä¸ªè¿‡ç›®ä¸å¿˜çš„æ¯”å–»,https://blog.tujunjie.com/20231227124223,2023/12/27
Derek Sivers ç»™æˆ‘çš„ 4 ä¸ªå¯å‘,https://blog.tujunjie.com/20231222203614,2023/12/22
æœ€çˆ±çš„ 4 ç¯‡ Derek Sivers åšæ–‡,https://blog.tujunjie.com/20231221202853,2023/12/21
æˆ‘ä» Derek Sivers èº«ä¸Šå­¦åˆ°çš„,https://blog.tujunjie.com/20231221141425,2023/12/21
å¦‚ä½•åˆ›é€ ä½ çš„æ™ºå›Šå›¢,https://blog.tujunjie.com/20231215153752,2023/12/15
2023 æ”¾å¼ƒçš„ 2 é¡¹å¾…åŠ,https://blog.tujunjie.com/20231209191824,2023/12/09
2023 å¹³å‡æ¯å¤©æœç´¢ 55 æ¬¡,https://blog.tujunjie.com/20231208193448,2023/12/08
æˆ‘æŠŠé’±æŠ•ç»™ä»–ä»¬äº†ï¼ˆ2023ï¼‰,https://blog.tujunjie.com/20231208154643,2023/12/08
è€ƒå¤ 84000 æœ€å—æ¬¢è¿çš„ 30 ç¯‡å¸–å­,https://blog.tujunjie.com/20231207182349,2023/12/07
2023 å¹´æˆ‘ä¹°äº†å¤šå°‘ä¸œè¥¿,https://blog.tujunjie.com/20231207152430,2023/12/07
æ¯å¹´å¤‡ä»½è¿™ 8 ç§ç”Ÿäº§èµ„æ–™,https://blog.tujunjie.com/20231206211704,2023/12/06
ç”¨æ»´ç­”æ¸…å•ç®¡ç†æˆ‘çš„ 9 æ¡äººç”Ÿä¸»çº¿,https://blog.tujunjie.com/20231206171006,2023/12/06
3 é“æ‡’äººå¿«æ‰‹èœ,https://blog.tujunjie.com/20231205213458,2023/12/05
æ¨è 5 ç¯‡æˆ‘ 2023 å¹´å†™çš„æ–‡ç« ,https://blog.tujunjie.com/20231205121328,2023/12/05
2023 æˆ‘çš„æ”¶å…¥ä»å“ªå„¿æ¥ï¼Ÿ,https://blog.tujunjie.com/20231204174350,2023/12/04
2023 å»çš„ 5 åº§åŸå¸‚,https://blog.tujunjie.com/20231204151530,2023/12/04
2023 å¹´ç»§ç»­æ‰“ç£¨çš„ 4 é¡¹æŠ€èƒ½,https://blog.tujunjie.com/20231203154412,2023/12/03
2023 æˆ‘å¸¸é€›è¿™ 2 ä¸ªç¤¾ç¾¤,https://blog.tujunjie.com/20231202182752,2023/12/02
2023 å¹´åº¦æ¸¸æˆ/ç»¼è‰º/åŠ¨æ¼«,https://blog.tujunjie.com/20231201200534,2023/12/01
è€ƒå¤ @å¼ æ½‡é›¨ æœ€å—æ¬¢è¿çš„ 30 ç¯‡æ˜Ÿçƒå¸–å­,https://blog.tujunjie.com/20231130160142,2023/11/30
äº¤æ˜“ 2 å¹´çš„ 12 æ¡ç»éªŒ,https://blog.tujunjie.com/20231129171429,2023/11/29
2023 å¹´çš„ 5 æ¡æ„Ÿæ‚Ÿ,https://blog.tujunjie.com/20231127154137,2023/11/27
2023 å¹´å…»æˆçš„ 4 ä¸ªä¹ æƒ¯,https://blog.tujunjie.com/20231126150951,2023/11/26
2023 å¹´è¯»çš„ 8 æœ¬ä¹¦,https://blog.tujunjie.com/20231125145045,2023/11/25
2023 å¹´çš„ 90 ä»¶å°äº‹,https://blog.tujunjie.com/20231124160115,2023/11/24
æˆ‘çš„å¿«ä¹æ”¶è—å¤¹,https://blog.tujunjie.com/20231122151518,2023/11/22
225 æ¡ä¹¦ç­¾ï¼Œæˆ‘åœ¨æ”¶è—ä»€ä¹ˆï¼Ÿ,https://blog.tujunjie.com/20231121114109,2023/11/21
2023 å¹´ä¿å­˜çš„ 5 ç¯‡æ°¸ä¹…ç¬”è®°,https://blog.tujunjie.com/20231119163037,2023/11/19
æ¨è 5 æ¡£æˆ‘æ¯æœŸå¿…å¬çš„æ’­å®¢,https://blog.tujunjie.com/20231118212104,2023/11/18
2023 å¹´æˆ‘çš„æŠ•èµ„æ”¶ç›Š,https://blog.tujunjie.com/20231117200740,2023/11/17
å†™äº† 6 å¹´å¹´æŠ¥ï¼Œä¸Šç˜¾,https://blog.tujunjie.com/20231116210645,2023/11/16
è€åœŸçš„ç¬”è®°ç³»ç»Ÿ,https://blog.tujunjie.com/20231115193940,2023/11/15
åˆ›ä½œå…¨æµç¨‹æ¢³ç†ï¼ˆOffice+æ»´ç­”æ¸…å•+GitBookï¼‰,https://blog.tujunjie.com/20231003104128,2023/10/03
aTimeLogger é‡æ–°ä¸Šæ¶åä¸ºå•†åº—å•¦,https://blog.tujunjie.com/20231002184751,2023/10/02
å‡¡äº‹ç”µå•†çš„ä¹ æƒ¯ï¼Œå¾—æ”¹æ”¹,https://blog.tujunjie.com/20230925124416,2023/09/25
è‹±è¯­æ¸£æ— ç—›é˜…è¯»è‹±æ–‡ææ–™çš„ 3 ç§æ–¹æ³•,https://blog.tujunjie.com/20230924233520,2023/09/24
æˆ‘è¿˜æ˜¯éœ€è¦æˆ·å¤–ï¼Œæ¥æ„Ÿå—è‡ªå·±å­˜åœ¨,https://blog.tujunjie.com/20230918163052,2023/09/18
ç©äº†é£ç›˜é€›äº†æ²™æºªï¼Œå‡†å¤‡å›æ¹–åŒ—å•¦,https://blog.tujunjie.com/20230912154941,2023/09/12
å»å¤§ç†å‰‘å·æ²™æºªå¤é•‡çœ‹æ˜Ÿæ˜Ÿï¼ˆä¸‰å¤©ä¸¤å¤œè¡Œç¨‹åˆ†äº«ï¼‰,https://blog.tujunjie.com/20230911232052,2023/09/11
å¬æ‡‚è‹±æ–‡æ’­å®¢ï¼ŒTTS è‹±è¯‘ä¸­æµç¨‹,https://blog.tujunjie.com/20230904113712,2023/09/04
è°ƒæ•™ AI å°±åƒå¸¦å°å­©ï¼ˆClaude vs ChatGPTï¼‰,https://blog.tujunjie.com/20230902164050,2023/09/02
è®© Claude å¸®æˆ‘åšå‘¨æŠ¥,https://blog.tujunjie.com/20230828164830,2023/08/28
ç¬¬ä¸€æ¬¡ç»„ç»‡ Satc çº¿ä¸Šè§‚å½±ä¼š,https://blog.tujunjie.com/20230821220019,2023/08/21
å†è®¤è¯†ä¸€æ¬¡ 84000 ç¼–è¾‘éƒ¨,https://blog.tujunjie.com/20230821192654,2023/08/21
ğŸ¬ ã€Šæ¬²æœ›éƒ½å¸‚ã€‹è§‚å½±ä¼š,https://blog.tujunjie.com/20230821190504,2023/08/21
é¢åŸº 84000 æ˜Ÿå‹ @Way,https://blog.tujunjie.com/20230821185521,2023/08/21
æˆ‘çš„è¢«éª—ç»å†,https://blog.tujunjie.com/20230821184952,2023/08/21
åœ¨å¤§ç†å¸¦ç—…é—²é€›çš„è¿™ 9 å¤©,https://blog.tujunjie.com/20230815161818,2023/08/15
ç¬¬äºŒæ¬¡æ¥æ˜†æ˜ï¼Œæˆ‘æ¨èçš„ 5 ä¸ªåœ°æ–¹,https://blog.tujunjie.com/20230807222454,2023/08/07
è€äº†ä½ ä¼šä¸ä¼šåæ‚”ï¼Ÿ,https://blog.tujunjie.com/20230731141552,2023/07/31
100 ä¸ªè®¢é˜…ä¹Ÿä¸ä¹±ï¼Œå¦‚ä½•æ‰“é€ ä¸€ç«™å¼ä¿¡æ¯ä¸­å¿ƒ,https://blog.tujunjie.com/20230728134153,2023/07/28
æŠ±å¤§è…¿æ–¹æ³•è®ºï¼ˆ6 ä¸ªæ­¥éª¤ï¼‰,https://blog.tujunjie.com/20230724160211,2023/07/24
åˆ†äº«å¸®åŠ©æˆ‘æŠ•èµ„çš„ 10 ä»¶åˆ©å™¨,https://blog.tujunjie.com/20230724135033,2023/07/24
æˆ‘çš„ 11 æ¡ä¸åšæ¸…å•,https://blog.tujunjie.com/20230723154941,2023/07/23
å›ç­”ã€ŠTribe of Mentorsã€‹çš„ 11 ä¸ªé—®é¢˜,https://blog.tujunjie.com/20230719134903,2023/07/19
æˆ‘ä»èŒƒå†°èº«ä¸Šå­¦åˆ°çš„,https://blog.tujunjie.com/20230718170726,2023/07/18
æ¬¢è¿ç»™æˆ‘å†™é‚®ä»¶äº’åŠ¨,https://blog.tujunjie.com/20230717174210,2023/07/17
å·¥ä½œè¿‘ 10 å¹´ï¼Œæˆ‘é‡åˆ°çš„ 130 ä½è´µäºº,https://blog.tujunjie.com/20230711200815,2023/07/11
å¾—æ„å¿˜å½¢å¬ä¼—åˆ†ç¾¤æ±‡æ€»,https://blog.tujunjie.com/20230711200029,2023/07/11
å¾—æ„å¿˜å½¢Ã—æ·±åœ³ç«™ï¼Œä¸€æ¬¡è§ 300 äºº,https://blog.tujunjie.com/20230626152306,2023/06/26
å‘å¾®åšåˆ°å†™ä¹¦çš„ä¸åŒåˆ›ä½œæ–¹æ³•,https://blog.tujunjie.com/20230606120552,2023/06/06
å¹´åº¦ç›˜ç‚¹æ€ä¹ˆåš,https://blog.tujunjie.com/20230529150428,2023/05/29
ç å­— 10 å¹´çš„ 4 æ¡æ„Ÿæƒ³,https://blog.tujunjie.com/20230528144322,2023/05/28
æ¯ä¸ªåˆ›ä½œè€…éƒ½åº”è¯¥æœ‰ GitHub è´¦å·,https://blog.tujunjie.com/20230523120206,2023/05/23
å“ªäº›äº‹è¦é‡å¤åš,https://blog.tujunjie.com/20230515153744,2023/05/15
å¦‚ä½•å‘å¯¼å¸ˆå¯»æ±‚å¸®åŠ©ï¼Ÿ,https://blog.tujunjie.com/20230508154111,2023/05/08
åˆåˆ°äº†ç‚«æ¨±æ¡ƒçš„å­£èŠ‚,https://blog.tujunjie.com/20230501153122,2023/05/01
AI æ¥äº†ï¼Œä»€ä¹ˆæŠ€èƒ½æœ€å€¼å¾—æˆ‘ä»¬å­¦ï¼Ÿ,https://blog.tujunjie.com/20230425201744,2023/04/25
æƒ³æˆä¸ºåˆ›é€ å¯¼å‘çš„äººï¼Œæœ‰ 3 æ¡å»ºè®®,https://blog.tujunjie.com/20230424222856,2023/04/24
é²è¿…æ•™æˆ‘åšäºº,https://blog.tujunjie.com/20230417134721,2023/04/17
è¯•ç€ä¸æ‹’ç»æ–°ä½“éªŒ,https://blog.tujunjie.com/20230410142743,2023/04/10
äº¤æ˜“å‘˜çš„æ—¥è¯¾,https://blog.tujunjie.com/20230525172034,2023/02/13
æˆ‘æ€§æ ¼çš„å¼±ç‚¹ï¼Œåœ¨äº¤æ˜“ä¸Šå…¨éƒ¨ä½“ç°,https://blog.tujunjie.com/20230207205900,2023/02/07
æ¸©æŸ”åœ°è¿›å…¥ 2023 å¹´,https://blog.tujunjie.com/20230130205900,2023/01/30
è‰¯å–„å’Œæ®‹å¿å­˜äºä¸€èº«ï¼Œè¿™æ‰æ˜¯æˆ‘ä»¬,https://blog.tujunjie.com/20230116210000,2023/01/16
ä¸ªäººå¤§æ•°æ®ï¼šæ¶‚ä¿Šæ° 2022 å¹´çš„ 8760 å°æ—¶,https://blog.tujunjie.com/20230111152059,2023/01/11
ã€Šå“ˆè¿ªæ–¯ã€‹æå‰é¢„å®šå¹´åº¦æ¸¸æˆ,https://blog.tujunjie.com/20230109210312,2023/01/09
2022 å¹´æˆ‘æƒ³è¿‡ä½†æ²¡åšçš„é€‰é¢˜,https://blog.tujunjie.com/20221224210601,2022/12/24
2022 å¹´çš„å†…å®¹æ¨è,https://blog.tujunjie.com/20230525173920,2022/12/23
ç—…æ¯’å‡¶çŒ›ï¼Œå¤§å®¶è¦æ³¨æ„é˜²æŠ¤å•Š,https://blog.tujunjie.com/20230525172150,2022/12/19
2022 å¹´æˆ‘æ”¾å¼ƒäº†ä»€ä¹ˆ,https://blog.tujunjie.com/20230525172249,2022/12/18
2022 å¹´æˆ‘çš„æŠ•èµ„æ”¶ç›Š,https://blog.tujunjie.com/20230525172311,2022/12/17
æˆ‘çš„åŠå…¬æ¡Œé¢å’Œå¸¸ç”¨è½¯ç¡¬ä»¶ï¼ˆ2022.12ï¼‰,https://blog.tujunjie.com/20230525172333,2022/12/16
æˆ‘æŠŠé’±æŠ•ç»™ä»–ä»¬äº†ï¼ˆ2022ï¼‰,https://blog.tujunjie.com/20230525172350,2022/12/15
å¾—äº†å–‰ç™Œçš„ã€Œè™è ä¾ ã€å’Œ AI å¤æ´»,https://blog.tujunjie.com/20230525172409,2022/12/15
2022 å¹´æˆ‘ä¹°äº†å¤šå°‘ä¸œè¥¿,https://blog.tujunjie.com/20230525172426,2022/12/14
æ—¶é—´åœ¨å“ªï¼Œæˆå°±åœ¨å“ªï¼ˆ2022ï¼‰,https://blog.tujunjie.com/20230525172451,2022/12/13
ä½ æœ‰ä»€ä¹ˆäººã€è´¢ã€ç‰©ã€æŠ€ï¼Ÿ,https://blog.tujunjie.com/20230525172510,2022/12/12
2022 å¹´å­¦åˆ°çš„ 5 ä¸ªæ–°æŠ€èƒ½,https://blog.tujunjie.com/20230525172527,2022/12/11
2022 å¹´çš„ 60 ä»¶å°äº‹,https://blog.tujunjie.com/20230525172544,2022/12/10
åšè‡ªå·±çš„é¢è¯•å®˜,https://blog.tujunjie.com/20230525172603,2022/12/09
ä¸‰å¹´å°±ç»ƒ 7 ä¸ªå­—,https://blog.tujunjie.com/20230525172619,2022/12/08
æˆ‘çš„å¹´åº¦å½±è§†å‰§/æ¸¸æˆ/ç»¼è‰º,https://blog.tujunjie.com/20230525172653,2022/12/07
â€‹ä½ çš„å¹´åº¦ç½‘ç«™æ˜¯å“ªä¸ªï¼Ÿ,https://blog.tujunjie.com/20230525172714,2022/12/06
å¹´æŠ¥æ€ä¹ˆå†™ï¼Ÿ,https://blog.tujunjie.com/20230525172736,2022/12/05
2022 å¹´è¯»è¿‡å’Œæƒ³çœ‹çš„ä¹¦,https://blog.tujunjie.com/20230525172754,2022/12/04
é€‰å·¥å…·çš„æ ‡å‡†,https://blog.tujunjie.com/20230525172812,2022/11/28
å¹¸ç¦çš„æ—¶å€™ï¼Œä¸€ä¸ªå­—ä¹Ÿä¸æƒ³å†™,https://blog.tujunjie.com/20230525172834,2022/11/21
åƒç€ç«é”…å”±ç€æ­Œï¼Œé’±æ²¡äº†,https://blog.tujunjie.com/20230525172912,2022/11/14
åˆ›ä½œè€…çš„æœ€å°ç³»ç»Ÿ,https://blog.tujunjie.com/20230525172936,2022/11/07
æ€æ ·æˆä¸ºé¦™é¥½é¥½ï¼Ÿ,https://blog.tujunjie.com/20230525172952,2022/10/31
å¦‚æœä½ æœ‰ä¸€å—å·¨å¤§çš„å¹¿å‘Šç‰Œï¼Œä½ ä¼šå†™ä»€ä¹ˆï¼Ÿ,https://blog.tujunjie.com/20230520100018,2022/10/24
ä»æ¶ˆè´¹è€…å˜æˆåˆ›é€ è€…,https://blog.tujunjie.com/20230520100601,2022/10/17
æ²¡æœ‰åäººçš„ã€Šä¸€å¹´ä¸€åº¦å–œå‰§å¤§èµ›ã€‹ä¸¨é©¬ä¸œ,https://blog.tujunjie.com/20230520101618,2022/10/16
å’Œã€Šæ–°é—»ç¼–è¾‘å®¤ã€‹å­¦è¯´è¯,https://blog.tujunjie.com/20230520102408,2022/10/14
å¦‚ä½•çœ‹å¾…åˆ˜å°æ ·æ¥å—ã€ŠåŠè¾¹å¤©ã€‹çš„é‡‡è®¿åœ¨ 2022 å¹´å†æ¬¡èµ°çº¢ï¼Ÿ,https://blog.tujunjie.com/20230524111135,2022/10/13
å’Œã€Šäººç‰©ã€‹æ‚å¿—å­¦å†™å¹´æŠ¥,https://blog.tujunjie.com/20230520102747,2022/10/10
éªšæ“ä½œäºé’±ç»å†,https://blog.tujunjie.com/20230520103205,2022/10/05
ä»–äººçš„æ•…äº‹ï¼Œæ˜¯æˆ‘ä»¬å†…å¿ƒçš„å»¶ç»­,https://blog.tujunjie.com/20230520103706,2022/09/26
æ²¡æœ‰ä¿¡æ¯è¿‡è½½ï¼Œåªæœ‰è¿‡æ»¤å¤±è´¥,https://blog.tujunjie.com/20230520104704,2022/09/19
æˆ‘ä»¬å¤ªç¼ºå°‘ã€Œè‡ªæ´½ã€äº†,https://blog.tujunjie.com/20230520105148,2022/09/12
æ´»ç€å°±æ˜¯ä¸æ–­ã€Œè¯æ˜ã€è‡ªå·±çš„è¿‡ç¨‹å—,https://blog.tujunjie.com/20230520110136,2022/09/05
è¿˜èƒ½å†™ç‚¹å„¿ä»€ä¹ˆï¼Œæ—¥å­å°±æ²¡ç™½è¿‡,https://blog.tujunjie.com/20230520110708,2022/08/29
19 äº¿ç½‘ç«™é‡Œï¼Œå“ªä¸ªæ˜¯ä½ ,https://blog.tujunjie.com/20230520122340,2022/08/28
åˆ›é€ è¿‡ç¨‹ä¸­ï¼Œè‡ªå·±å°±å‡ºç°äº†,https://blog.tujunjie.com/20230520105902,2022/08/22
æ’­å®¢ç”¨æ— ç‰ˆæƒéŸ³ä¹åˆ†äº«,https://blog.tujunjie.com/20230520122944,2022/08/21
ä»¥å¼ æ½‡é›¨ä¸ºæ–¹æ³•,https://blog.tujunjie.com/20230520123932,2022/08/15
å…³äºå‡çº§ç¬”è®°ç³»ç»Ÿçš„æ€è€ƒ,https://blog.tujunjie.com/20230520125037,2022/07/14
2022 å¹´ä¸ŠåŠå¹´æ€»ç»“,https://blog.tujunjie.com/20230520125645,2022/07/05
æˆ‘ä»å¼ æ½‡é›¨èº«ä¸Šå­¦åˆ°çš„ã€‚,https://blog.tujunjie.com/20230520130346,2022/06/15
3 å¹´åæˆ‘ä»åœ¨é«˜é¢‘ä½¿ç”¨çš„å·¥å…·,https://blog.tujunjie.com/20230520130659,2022/06/13
ä¸ªäººå¤§æ•°æ®ï¼šæ¶‚ä¿Šæ° 2020 å¹´çš„ 8760 å°æ—¶,https://blog.tujunjie.com/20230520131509,2022/06/05
æˆ‘çš„ 1% è®¡åˆ’ã€‚,https://blog.tujunjie.com/20230520131919,2022/06/04
ä¸ªäººå¤§æ•°æ®ï¼šæ¶‚ä¿Šæ° 2021 å¹´çš„ 8760 å°æ—¶,https://blog.tujunjie.com/20230520133407,2022/05/09
2020 å¹´æˆ‘çš„æŠ•èµ„æ”¶ç›Š,https://blog.tujunjie.com/20230520133907,2021/02/10
2020 å¹´æˆ‘åœ¨å¨±ä¹äº›å•¥,https://blog.tujunjie.com/20230520134147,2021/02/09
2020 å¹´æˆ‘å­¦åˆ°äº†ä»€ä¹ˆ,https://blog.tujunjie.com/20230520134549,2021/02/08
2020 å¹´æˆ‘çš„æ—¶é—´èŠ±åœ¨å“ªå„¿,https://blog.tujunjie.com/20230520135344,2021/02/07
2020 å¹´æˆ‘å¾—åˆ°äº†ä»€ä¹ˆ,https://blog.tujunjie.com/20230520140905,2021/02/04
2020 å¹´æˆ‘æ”¾å¼ƒäº†ä»€ä¹ˆ,https://blog.tujunjie.com/20230520141120,2021/02/03
2020 å¹´æˆ‘è¯»è¿‡çš„å¥½ä¹¦,https://blog.tujunjie.com/20230520141322,2021/02/02
å¿«é€Ÿå…¥é—¨å†™ä½œçš„ 5 æ¡æŠ€å·§,https://blog.tujunjie.com/20230520144137,2020/09/22
5 åˆ†é’Ÿæå®šæ—¥å¤ç›˜,https://blog.tujunjie.com/20230520145410,2020/09/21
æˆ‘åœ¨æ˜†æ˜åƒäº†ä¸€å‘¨è±†è…ï¼,https://blog.tujunjie.com/20230520145806,2020/09/18
ä»€ä¹ˆæ ·çš„åŸºæœ¬æ¬¾ T æ¤å€¼å¾—æ¨èï¼Ÿ,https://blog.tujunjie.com/20230524112116,2020/09/05
æ¨èå·²ç»è¿æ›´ 4 å¹´ï¼Œå†™äº† 100 ä¸‡å­—çš„å…¬ä¼—å·,https://blog.tujunjie.com/20230520150239,2020/08/31
ä½ æœ‰å­¦ä¹ çš„æ¦œæ ·å’Œç ”ç©¶çš„å¯¹è±¡å—ï¼Ÿ,https://blog.tujunjie.com/20230520150914,2020/08/30
è¿™åŠä¸ªæœˆæˆ‘ä»å ‚å¼Ÿèº«ä¸Šå­¦åˆ°çš„äº‹,https://blog.tujunjie.com/20230520151753,2020/08/26
æ¯å¤©è‡³å°‘ç»™ä¸€ä¸ªäººæä¾›ä»·å€¼,https://blog.tujunjie.com/20230520151955,2020/08/21
è‡ªç”±èŒä¸šåé’±ä»å“ªå„¿æ¥ï¼Œæ—¶é—´å¾€å“ªå„¿å»,https://blog.tujunjie.com/20230520152335,2020/08/19
æ¥è‡ªæœªæ¥çš„ç•™è¨€ä¸¨æ—¶é—´èƒ¶å›Š,https://blog.tujunjie.com/20230520154038,2020/08/18
å ‚å¼Ÿæ¥å¹¿å·ä¸€å‘¨ï¼Œæˆ‘æ•™äº†è¿™äº›å†…å®¹,https://blog.tujunjie.com/20230520154220,2020/08/17
åŠä¸€åœºæ¼”è®²èµš 1 äº¿çš„ç”·äºº,https://blog.tujunjie.com/20230520160638,2020/08/14
â€œ30 å¤©å‡ 9kgâ€ çš„ä½ç¢³æ°´é¥®é£Ÿæ³•è·µè¡Œä½“ä¼š,https://blog.tujunjie.com/20230520161004,2020/08/13
æ¥é«˜äºŒçš„å ‚å¼Ÿæ¥å¹¿å·ç©,https://blog.tujunjie.com/20230520163421,2020/08/11
é‚£äº›æ²¡æ—¶é—´å­¦ä¹ çš„äººï¼Œ5 å¹´åä¼šæ€æ ·ï¼Ÿ,https://blog.tujunjie.com/20230520164358,2020/08/10
ä½ ä¼šä¸ä¼šæ¯å¤©ä¸åšä»€ä¹ˆå¿ƒé‡Œå°±ä¸èˆ’æœï¼Ÿ,https://blog.tujunjie.com/20230520165010,2020/08/09
ä½ æœ‰è¿‡ â€œè¿™äº‹æˆäº†â€ çš„æ„Ÿè§‰å—ï¼Ÿ,https://blog.tujunjie.com/20230520170210,2020/08/07
ç¬¬ä¸€æ¬¡å’Œæ»´æ»´å¸ˆå‚…èŠäº†åŠå°æ—¶,https://blog.tujunjie.com/20230520170353,2020/08/06
å¦‚ä½•é€šè¿‡èº«è¾¹çš„æ–°é—»èµšé’±ä¸¨è¯»ä¹¦ç¬”è®°,https://blog.tujunjie.com/20230520170805,2020/08/05
2020 å¹´ç¬¬ 31 å‘¨æ—¶é—´è®°å½• by æ¶‚ä¿Šæ°,https://blog.tujunjie.com/20230520171308,2020/08/03
ä½ èŠ±é’±çš„æ–¹å¼æ˜¯ä¸æ˜¯æé”™äº†ï¼Ÿ,https://blog.tujunjie.com/20230520171823,2020/07/29
å½“å¤§å®¶è°ˆè®ºç‰›å¸‚ï¼Œæ€ä¹ˆå¬æ‡‚ä»–ä»¬åœ¨è¯´ä»€ä¹ˆ,https://blog.tujunjie.com/20230520172730,2020/07/08
åŒäº‹ç‚’è‚¡èµšäº†æˆ‘ 1 ä¸ªæœˆå·¥èµ„ï¼Œæˆ‘ä¹°ä¸ä¹°ï¼Ÿ,https://blog.tujunjie.com/20230520173250,2020/07/07
å¦‚æœä½ æœ‰æ— é™çš„æ—¶é—´å’Œé’±,https://blog.tujunjie.com/20230520173941,2020/07/03
ä¸ªäººå¤§æ•°æ®ï¼š2020 å¹´å¹´ä¸­æŠ¥å‘Š,https://blog.tujunjie.com/20230520205304,2020/07/01
å¦‚ä½•æ‰¾åˆ°ä¸€ä¸ªåˆé€‚çš„ç»†åˆ†é¢†åŸŸï¼Œè®©è‡ªå·±æˆä¸ºè¯¥é¢†åŸŸçš„ä¸“å®¶ï¼Ÿ,https://blog.tujunjie.com/20230524234419,2020/06/09
åœæ›´ 3 ä¸ªæœˆ,https://blog.tujunjie.com/20230520210405,2020/06/02
ã€Šå¯Œçˆ¸çˆ¸ç©·çˆ¸çˆ¸ã€‹æ•™æˆ‘çš„ 3 ä»¶äº‹,https://blog.tujunjie.com/20230520210834,2020/03/01
ä» 0 å¼€å§‹å®šæŠ•æ¯”ç‰¹å¸,https://blog.tujunjie.com/20230520211007,2020/02/29
è´¢åŠ¡è‡ªæ£€ 5 æ­¥éª¤,https://blog.tujunjie.com/20230520211347,2020/02/25
ä¸ªäººå¤§æ•°æ®ï¼šæ¶‚ä¿Šæ° 2019 å¹´çš„ 8760 å°æ—¶,https://blog.tujunjie.com/20230520214127,2020/02/08
æŠŠæˆ‘å¾®ä¿¡é‡Œä¼˜ç§€çš„æœ‹å‹æ¨èç»™ä½ ï¼,https://blog.tujunjie.com/20230520215549,2020/02/05
2019 å¹´æˆ‘æ¯ä¸ªæœˆéƒ½åšäº†å“ªäº›äº‹ï¼Ÿ,https://blog.tujunjie.com/20230520220459,2020/02/04
å½±å“ç™¾ä¸‡èµšç™¾ä¸‡ï¼Ÿ,https://blog.tujunjie.com/20230520220615,2020/02/03
2019 å¹´æ„æ–™ä¹‹å¤–çš„ 7 ä¸ªé‡Œç¨‹ç¢‘äº‹ä»¶,https://blog.tujunjie.com/20230520220711,2020/02/02
2019 å¹´æ ¸å¿ƒç›®æ ‡å®Œæˆæƒ…å†µ,https://blog.tujunjie.com/20230520220925,2020/02/01
2019 å¹´æˆ‘å­¦åˆ°çš„ 6 ä¸ªèµšé’±çš„æŠ€èƒ½ï¼,https://blog.tujunjie.com/20230520221205,2020/01/31
2019 å¹´æˆ‘åœ¨æƒ³ä»€ä¹ˆï¼Ÿ,https://blog.tujunjie.com/20230521101824,2020/01/30
è¦è‡´å¯Œï¼Œå…ˆä¿®å¼€æ‹“æ€ç»´çš„è·¯,https://blog.tujunjie.com/20230521102624,2020/01/29
å…³äºè´¢å¯Œçš„ 2 æ¡äººç”Ÿå…¬å¼,https://blog.tujunjie.com/20230521102821,2020/01/28
åšä¸äº† 3 å¹´ä»¥ä¸Šçš„äº‹ï¼Œä¸€åˆ†é’Ÿä¹Ÿåˆ«èŠ±,https://blog.tujunjie.com/20230521102927,2020/01/14
â€œä½ å¾—å‘Šè¯‰åˆ«äººä½ å–ä»€ä¹ˆã€‚â€,https://blog.tujunjie.com/20230521103106,2020/01/13
ä½ å’Œä¸–ç•Œå¯¹è¯çš„æ–¹å¼æ˜¯ä»€ä¹ˆï¼Ÿ,https://blog.tujunjie.com/20230521103205,2020/01/06
ä½ ç»™æœªæ¥çš„è‡ªå·±å‡†å¤‡äº†ç¤¼ç‰©å—ï¼Ÿ,https://blog.tujunjie.com/20230521103319,2020/01/05
æˆ‘æŠŠé’±æŠ•ç»™ä»–ä»¬äº†,https://blog.tujunjie.com/20230521103436,2019/12/25
æ€æ ·ç¡®ä¿è‡ªå·±èƒ½å®Œæˆ 2020 å¹´è®¡åˆ’ï¼Ÿ,https://blog.tujunjie.com/20230521103519,2019/12/24
æ¯•ä¸šä¹‹åï¼Œä½ è¿˜æœ‰é”™é¢˜æœ¬å—ï¼Ÿ,https://blog.tujunjie.com/20230521103609,2019/12/23
æ˜¯æ—¶å€™å¼€å§‹æŠ•èµ„äº†,https://blog.tujunjie.com/20230521103720,2019/12/22
å¦‚æœè¯´äººå’Œäººçš„å·®è·åœ¨ä¸‹ç­åçš„ 4 å°æ—¶ï¼Œé‚£ä¹ˆä½ ç”¨è¿™ 4 å°æ—¶å¹²ä»€ä¹ˆäº†ï¼Ÿ,https://blog.tujunjie.com/20230521104012,2019/12/18
æ²¡æœ‰ä¿¡æ¯ ROIï¼Œè¯»ä¹¦å’Œçœ‹å°è¯´æœ‰ä»€ä¹ˆåŒºåˆ«,https://blog.tujunjie.com/20230521104136,2019/12/17
æ¯å¤©èŠ± 3.5 å°æ—¶å¨±ä¹ï¼Œä½ æ”¶è·äº†ä»€ä¹ˆï¼Ÿ,https://blog.tujunjie.com/20230521104452,2019/12/16
æ€ä¹ˆèŠ±é’±æ‰çˆ½ï¼Ÿ,https://blog.tujunjie.com/20230521104537,2019/12/15
ç¬¬ä¸€æ¬¡è§å¥³æ–¹æˆ–ç”·æ–¹å®¶é•¿é€ä»€ä¹ˆç¤¼ç‰©å¥½ï¼Ÿ,https://blog.tujunjie.com/20230524234600,2019/12/12
é¿å¼€è¿™ 3 ç§å†²åŠ¨æ¶ˆè´¹ï¼Œèƒ½å¸®ä½ èŠ‚çœä¸å°‘é’±,https://blog.tujunjie.com/20230521104643,2019/12/12
æˆ‘çš„ç§äººæˆé•¿åˆ©å™¨,https://blog.tujunjie.com/20230521104818,2019/12/11
ä½ ç”¨ä»€ä¹ˆæ¥åˆ¤æ–­ç°åœ¨åœ¨äººç”Ÿä¸­æ‰€å¤„çš„ä½ç½®ï¼Ÿ,https://blog.tujunjie.com/20230521105004,2019/12/06
å¦‚æœä½ æ²¡äº‹åšï¼Œå°±ä¸€å¹´è¯» 200 æœ¬ä¹¦,https://blog.tujunjie.com/20230521105241,2019/12/05
æ€ä¹ˆçŸ¥é“è‡ªå·±æ˜¯æ€æ ·çš„äººï¼Ÿ,https://blog.tujunjie.com/20230524234733,2019/11/12
ä¸ªäººå¤§æ•°æ®ï¼š2019 å¹´ Q3 å­£åº¦æŠ¥å‘Š,https://blog.tujunjie.com/20230521112955,2019/10/16
å­¦ä¸ä¼šåªæ˜¯æ—¶é—´é¢„ç®—ä¸å¤Ÿï¼Œæ²¡åˆ«çš„,https://blog.tujunjie.com/20230521113123,2019/09/16
â€œæ—¶ä¸æ—¶åšå‡ºä»¤äººæ•¬ä½©çš„äº‹ï¼Œè¿™æ ·å°±ä¼šæœ‰äººä¸»åŠ¨æ‰¾ä½ åšæœ‹å‹ã€‚â€,https://blog.tujunjie.com/20230521113247,2019/09/11
æ€æ ·ç”¨æˆåŠŸæ—¥è®°æ‰¾åˆ°å†…å¿ƒçƒ­çˆ±ï¼Ÿ,https://blog.tujunjie.com/20230521113355,2019/09/09
è¿™ä»¶äº‹ä½ æƒ³åšå´åšä¸åˆ°ï¼Œä½†å¥¹å¯ä»¥å¸®ä½ ,https://blog.tujunjie.com/20230521113529,2019/09/04
æ‹’ç»æ‹–å»¶ï¼Œè®©ä½ å¿«é€Ÿè¡ŒåŠ¨çš„å°æŠ€å·§,https://blog.tujunjie.com/20230521113650,2019/09/03
è¿™ 18 æ¡åŸåˆ™ï¼Œä¸€å­—åƒé‡‘,https://blog.tujunjie.com/20230521114130,2019/08/18
æ˜çŸ¥é“æœ€é‡è¦çš„äº‹åªæœ‰ä¸€ä»¶ï¼Œä¸ºä»€ä¹ˆå°±åšä¸åˆ°å‘¢ï¼Ÿ,https://blog.tujunjie.com/20230521114310,2019/08/08
ä½ çš„è­¦é“ƒå“äº†å—ï¼Ÿ,https://blog.tujunjie.com/20230521114417,2019/07/31
æŠŠèŠ±æ‰çš„é’±èµšå›æ¥,https://blog.tujunjie.com/20230521114850,2019/07/30
é¢å‘é‡‘é’±ç”Ÿæ´»ï¼ŒæŠŠè‡ªå·±å˜å¾— â€œåº¸ä¿—â€ ä¸¨è¯»ä¹¦ç¬”è®°,https://blog.tujunjie.com/20230521115407,2019/07/21
å°é•‡é’å¹´é€†è¢­å­¦éœ¸çš„å­¦ä¹ æ–¹æ³•ä¸¨è¯»ä¹¦ç¬”è®°,https://blog.tujunjie.com/20230521123323,2019/07/16
æˆ‘ä»æœªè§è¿‡æ‡’æƒ°çš„äºº,https://blog.tujunjie.com/20230521123531,2019/07/14
ä¸ªäººå¤§æ•°æ®ï¼š2019 å¹´ Q2 å­£åº¦æŠ¥å‘Š,https://blog.tujunjie.com/20230521124119,2019/07/11
2019 å¹´ä¸ŠåŠå¹´åŸåˆ›æ–‡ç« æ¨è,https://blog.tujunjie.com/20230521124248,2019/07/10
é™¤äº†ä¸“ä¸šçŸ¥è¯†ï¼Œä½ è¿˜å¾—æŒæ¡è¿™ 7 é¡¹å¿…å¤‡çš„è½¯æŠ€èƒ½ä¸¨è¯»ä¹¦ç¬”è®°,https://blog.tujunjie.com/20230521124634,2019/07/09
å»å¤–ä¼¶ä»ƒå²› ï¼Œæœ‰ä»€ä¹ˆæ˜¯ç»å¯¹ä¸èƒ½é”™è¿‡çš„ï¼Ÿ,https://blog.tujunjie.com/20230524235120,2019/07/04
ã€Šäº†å‡¡å››è®­ã€‹åˆ°åº•æ˜¯å“ªå››è®­ï¼Ÿä¸¨è¯»ä¹¦ç¬”è®°,https://blog.tujunjie.com/20230521124747,2019/06/30
æˆ‘çš„æ¯æ—¥è‡ªçœæ¸…å•,https://blog.tujunjie.com/20230521124936,2019/06/26
3 å¹´æ—¶é—´ï¼Œ72 ç¯‡çè—æ–‡ç« ï¼Œå‘ä½ æ¨èè¿™ 10 ç¯‡,https://blog.tujunjie.com/20230521125114,2019/06/25
å­¦ä¼šå¦‚ä½•å­¦ä¹ ï¼Œè½»æ¾å˜å­¦éœ¸ä¸¨è¯»ä¹¦ç¬”è®°,https://blog.tujunjie.com/20230521125310,2019/06/19
æ™®é€šäººæŠ•èµ„ç†è´¢å°±è¿™ä¸‰æ¡åŸåˆ™ï¼Œä¸¤ä¸ªå­—ï¼Œä½†å¤§éƒ¨åˆ†äººè¿˜æ˜¯äºäº†,https://blog.tujunjie.com/20230521125553,2019/06/17
å®ä¾‹ä¸¨ä¸»åŠ¨å‹¾æ­ç”Ÿæ¶¯è§„åˆ’ä¸“å®¶æŸæ°¸è¾‰è€å¸ˆ,https://blog.tujunjie.com/20230521125901,2019/06/12
æœ‰å“ªäº›ç®€æ´çš„äººç”Ÿå»ºè®®ï¼Ÿ,https://blog.tujunjie.com/20230524235244,2019/06/11
æœ€åŸºæœ¬çš„ â€œé€‰ä¹¦æ–¹æ³•è®ºâ€ ä¸¨é™„ç»å…¸ä¹¦å•,https://blog.tujunjie.com/20230521131048,2019/06/11
å› ä¸ºä¸æƒ³åœï¼Œæ‰€ä»¥æ‰åœä¸‹,https://blog.tujunjie.com/20230521131153,2019/06/10
æˆ‘å‘å¾€çš„åˆ›ä½œç¯å¢ƒ,https://blog.tujunjie.com/20230521131403,2019/06/02
ä½ å¤šä¹…æ²¡ â€œç”¨â€ ä½ çš„æœ‹å‹åœˆäº†ï¼Ÿ,https://blog.tujunjie.com/20230521131939,2019/05/30
æ€æ ·æ´»åœ¨æœªæ¥ï¼Ÿ,https://blog.tujunjie.com/20230521132201,2019/05/27
æœ‰å“ªäº›äº‹è¶Šæ—©å¼€å§‹åšè¶Šå¥½ï¼Ÿ,https://blog.tujunjie.com/20230521132315,2019/05/23
å¤§å­¦æ•™æˆè¢«æŸ¥å‡ºç™Œç—‡æ™šæœŸï¼Œä»–å†³å®šæ’•æ‰å‡é¢å…·ä¸¨å½±è¯„,https://blog.tujunjie.com/20230521132920,2019/05/22
å…¬å¼€åœºåˆè¯´è°è°å“ªå„¿ä¸å¥½ï¼ŒæŒºä¸¢äººçš„,https://blog.tujunjie.com/20230521132543,2019/05/21
å¦‚æœç¢°å£ï¼Œä½ ä¼šè‡ªè®¤å€’éœ‰ï¼Œè¿˜æ˜¯å†è¯•è¯•ï¼Ÿ,https://blog.tujunjie.com/20230521134736,2019/05/14
æ€æ ·æ‰¾åˆ°å‘½ä¸­æ³¨å®šçš„å·¥ä½œï¼Ÿä¸¨è¯»ä¹¦ç¬”è®°,https://blog.tujunjie.com/20230521134935,2019/05/09
ç”¨ â€œé£é©¬ç‰›ä¸ç›¸åŠæ³•â€ æŒ–æ˜ä½ çš„ç»†åˆ†é¢†åŸŸ,https://blog.tujunjie.com/20230521135141,2019/05/07
é‚£äº›å˜²è®½è¯»ä¹¦æ— ç”¨çš„äººï¼Œä½ æ°¸è¿œéƒ½ä¸çŸ¥é“ï¼Œä½ é”™è¿‡äº†ä»€ä¹ˆ,https://blog.tujunjie.com/20230521135456,2019/05/06
è¿™ 52 æ¡æ„Ÿæ‚Ÿï¼Œå¸Œæœ›æˆ‘è¶Šæ—©æ˜ç™½è¶Šå¥½,https://blog.tujunjie.com/20230521135543,2019/05/03
å¦‚ä½•ç”¨æ»´ç­”æ¸…å•å»ºç«‹æ¸…å•ä½“ç³»ï¼Ÿ,https://blog.tujunjie.com/20230521140225,2019/04/28
â€œä½ å¯ä»¥åœ¨ 1 å¹´å†…å¤šèµš 20%ï¼Œ3 å¹´å†…æ”¶å…¥ç¿»å€ã€‚â€ ä¸¨è¯»ä¹¦ç¬”è®°,https://blog.tujunjie.com/20230521141331,2019/04/27
ä¹¦å•ä¸¨æˆ‘ä¹¦æ¶ä¸Šé€¢äººå¿…æ¨çš„ 5 æœ¬ä¹¦,https://blog.tujunjie.com/20230521141552,2019/04/23
MOS Excel 2016 Expert å¤‡è€ƒæŒ‡å—,https://blog.tujunjie.com/20230521141945,2019/04/22
ä¸ªäººå¤§æ•°æ®ï¼š2019 å¹´ Q1 å­£åº¦æŠ¥å‘Š,https://blog.tujunjie.com/20230521142553,2019/04/21
æœ‹å‹åŠæˆ‘ç»™ A è‚¡é€é’±è¯•è¯•,https://blog.tujunjie.com/20230521142756,2019/04/17
ç”¨éº¦è‚¯é”¡æ¨¡å‹å®ç°æŠ€èƒ½å¡å˜ç°,https://blog.tujunjie.com/20230521143046,2019/04/16
åšä¸ªå¥½ç®¡å®¶ï¼Œç®¡å¥½ä½ çš„æ—¶é—´ã€ç²¾åŠ›ã€å¤©èµ‹ï¼Œé’±ä¸¨è¯»ä¹¦ç¬”è®°,https://blog.tujunjie.com/20230521143132,2019/04/15
æ€æ ·å‹¾æ­å¤§ä½¬ï¼Ÿ,https://blog.tujunjie.com/20230521145450,2019/04/10
è½»è½»æ¾æ¾ï¼ŒæŠŠå†™ä½œæ•ˆç‡æé«˜ 30%,https://blog.tujunjie.com/20230521145724,2019/04/07
åˆ«ç›¸ä¿¡ä½ èƒ½é æ„å¿—åšæŒçš„é¬¼è¯,https://blog.tujunjie.com/20230521145925,2019/04/06
2019 è®¢é˜…æºæ›´æ–° v1,https://blog.tujunjie.com/20230521150045,2019/04/05
å¦‚æœæ„å¤–èº«äº¡ï¼Œæˆ‘çš„æ•°å­—è´¢äº§æ€ä¹ˆåŠï¼Ÿ,https://blog.tujunjie.com/20230521150531,2019/04/03
â€œæ˜¯ä½ è¿‡å»çš„æ¯ä¸€ä¸ªå†³å®šï¼ŒæŠŠä½ æ¨åˆ°äº†ä»Šå¤©ã€‚â€,https://blog.tujunjie.com/20230521150820,2019/04/02
ç”¨ â€œé¿å…æ ¸å¿ƒç›®æ ‡æ‹–å»¶å¤§æ³•â€ è®©æ—¶è–ªç¿»å€,https://blog.tujunjie.com/20230521151031,2019/04/01
ä½ æœ‰æ²¡æœ‰å› ä¸ºè¯»äº†å“ªæœ¬ä¹¦ï¼Œæ‰å¼€å§‹è¯»æ›´å¤šä¹¦ï¼Ÿ,https://blog.tujunjie.com/20230521151150,2019/03/31
ä½ ä¸ºä»€ä¹ˆå¼€å§‹è®°å½•æ—¶é—´ï¼Ÿ,https://blog.tujunjie.com/20230521151338,2019/03/30
åšäº†å• 100 ä¸‡çš„ç”Ÿæ„ï¼Œ2019 å¹´ç¬¬ 1 ä»¶é‡Œç¨‹ç¢‘äº‹ä»¶,https://blog.tujunjie.com/20230521151615,2019/03/20
ä»Šå¤©å¯ä»¥ä¸åˆ·å‰§å—ï¼Ÿæˆ‘æƒ³è¯·ä½ åä¸‹ï¼Œå›ç­”è‡ªå·± 7 ä¸ªé—®é¢˜,https://blog.tujunjie.com/20230521151750,2019/03/19
è¿™ä¸ªå€¼é’±çš„ä¹ æƒ¯å¸Œæœ›ä½ æ¥ä½,https://blog.tujunjie.com/20230521151929,2019/03/06
å¦‚ä½•é¿å…æ ¸å¿ƒç›®æ ‡ä¹ æƒ¯æ€§æ‹–å»¶,https://blog.tujunjie.com/20230521152727,2019/02/28
æœ€é‡è¦çš„äº‹åªæœ‰ä¸€ä»¶ä¸¨è¯»ä¹¦ç¬”è®°,https://blog.tujunjie.com/20230521152945,2019/02/27
ç»§ç»­ â€œæ¶ˆæå‹äººæ ¼â€ï¼Œä¼šå•èº«ä¸€è¾ˆå­å“¦,https://blog.tujunjie.com/20230521153123,2019/02/25
è‡ªç”±èŒä¸šä¸è‡ªç”±ä¸¨è¯»ä¹¦ç¬”è®°,https://blog.tujunjie.com/20230521153219,2019/02/24
å­¦ä¼šä¸€é¡¹æ–°æŠ€èƒ½è¦èŠ±å¤šä¹…ï¼Ÿ,https://blog.tujunjie.com/20230521153517,2019/02/22
â€œæ²¡æ—¶é—´ï¼Œæ²¡åŠæ³•ï¼Œä¸çŸ¥é“ã€‚â€,https://blog.tujunjie.com/20230521153620,2019/02/21
å‘ç¾å›½å›½çˆ¶å­¦åšè®°å½•ä¸¨è¯»ä¹¦ç¬”è®°,https://blog.tujunjie.com/20230521153921,2019/02/20
ä¸ºä»€ä¹ˆæˆ‘æ¯å¤©æ€è€ƒ 6 ä¸‡ä»¶äº‹ï¼Œä»ç„¶å­¦ä¸ä¼šå¦‚ä½•æ€è€ƒ,https://blog.tujunjie.com/20230521154227,2019/02/19
è¯·åœæ­¢æ— æ•ˆåŠªåŠ›ä¸¨è¯»ä¹¦ç¬”è®°,https://blog.tujunjie.com/20230521154353,2019/02/18
è€å°èªæ˜çš„æ—¶é—´è®°å½•è€…,https://blog.tujunjie.com/20230521154509,2019/02/17
ä¸€å¤©ä¸æ­¢ 24 å°æ—¶ä¸¨è¯»ä¹¦ç¬”è®°,https://blog.tujunjie.com/20230521154623,2019/02/14
å¼ å¼›ç”¨è¿™ä¸ªæ–¹æ³•æˆä¸ºå·´éŸ³å¸ƒé²å…‹çš„ç‹,https://blog.tujunjie.com/20230521154702,2019/02/13
æ˜¥èŠ‚æœŸé—´æ²¡åšè®°å½•æ—¶é—´æ€ä¹ˆåŠï¼Ÿ,https://blog.tujunjie.com/20230521154822,2019/02/12
3 æ¬¡æé—®å¸®ä½ æ¯å‘¨èŠ‚çº¦ 8 å°æ—¶ä¸¨è¯»ä¹¦ç¬”è®°,https://blog.tujunjie.com/20230521154938,2019/02/10
ä»å®‰å“ aTimeLogger åˆ‡æ¢åˆ° iOS çš„ TimeTrack,https://blog.tujunjie.com/20230521161236,2019/02/06
æ‰‹æœºåŠæ­»ä¸æ´»çš„æŠ¢æ•‘æ–¹æ¡ˆ,https://blog.tujunjie.com/20230521161830,2019/02/05
ä¸ºä»€ä¹ˆæœ‰äººä¹° 8000 å—çš„æ‰‹æœºä¸è§‰å¾—è´µï¼Ÿ,https://blog.tujunjie.com/20230521161937,2019/02/03
æœ‰æ²¡æœ‰èƒ½è®°å½•æˆ‘ä¸€å¤©åœ¨æ¯ä»¶äº‹ä¸ŠèŠ±äº†å¤šå°‘æ—¶é—´çš„ Appï¼Ÿ,https://blog.tujunjie.com/20230521162250,2019/01/31
è®°å½•ç”Ÿæ´»æ˜¯å°ä¼—éœ€æ±‚å—ï¼Ÿ,https://blog.tujunjie.com/20230521162519,2019/01/30
æ¯å¤© 15 åˆ†é’Ÿï¼Œç•™ä½ä½ çš„äººç”Ÿ,https://blog.tujunjie.com/20230521162820,2019/01/29
87 å² â€œç»è¥ä¹‹ç¥â€ ç»™å¹´è½»äººçš„ 12 æ¡å»ºè®®ä¸¨è¯»ä¹¦ç¬”è®°,https://blog.tujunjie.com/20230521162933,2019/01/28
æœªæ¥ 3 åˆ° 5 å¹´ï¼Œäº’è”ç½‘äººåº”è¯¥é‡ç‚¹åŸ¹å…»å“ªç§èƒ½åŠ›ï¼Ÿ,https://blog.tujunjie.com/20230521163104,2019/01/25
æ±‚é”¦é²¤ä¸å¦‚æ±‚è‡ªå·±ï¼Œå®šç›®æ ‡æˆ‘æ˜¯è®¤çœŸçš„ä¸¨ å°‘æ•°æ´¾ 2018 å¹´åº¦å¾æ–‡,https://blog.tujunjie.com/20230523225220,2019/01/24
ç”¨è¿™ä¸‰å¥è¯æŠŠè‡ªå·±éª‚é†’,https://blog.tujunjie.com/20230521163212,2019/01/24
å“ªäº›æ‰‹æœº App æ„æˆäº†æˆ‘çš„æ—¥å¸¸ï¼Ÿ,https://blog.tujunjie.com/20230521164602,2019/01/23
ä¸Šç­æ—å¼€æ‹“å‰¯ä¸šæ”¶å…¥çš„ 3 ç§æ–¹æ³•,https://blog.tujunjie.com/20230521165051,2019/01/22
å‡é‡ 15 æ–¤çš„ç§˜è¯€å°±è¿™ä¸€æ¡,https://blog.tujunjie.com/20230521165705,2019/01/21
ä¸‡ç‰©äº’è”ï¼Œå½“ä½ çš„ä¸€åˆ‡éƒ½è¢«è®°å½•,https://blog.tujunjie.com/20230521170815,2019/01/20
é—²æ‡’åƒå»ï¼Œè¢«å·èµ°æ‰æ˜¯ç”œçš„ä¸¨ã€Šå‘ç°å¿ƒæµã€‹è¯»ä¹¦ç¬”è®°,https://blog.tujunjie.com/20230521170946,2019/01/18
å†™åœ¨æ—¶é—´è®°å½• 20000 å°æ—¶åä¸¨æˆ‘çš„è®°å½•ä½“ç³»èµ·æº,https://blog.tujunjie.com/20230521171327,2019/01/17
é‡è¦èµ„æ–™ä¸å¤‡ä»½ä½ å°±ç­‰ç€å§æŒ‡å—,https://blog.tujunjie.com/20230521171548,2019/01/16
å¤šå¤§çš„äººäº†ï¼Œè¿å¾®ä¿¡åŠ å¥½å‹çš„ç¤¼è²Œéƒ½ä¸æ‡‚ï¼Ÿ,https://blog.tujunjie.com/20230521171738,2019/01/15
æ„å»ºçŸ¥è¯†ä½“ç³»çš„ â€œå¿«é€Ÿé€šé“â€,https://blog.tujunjie.com/20230521171923,2019/01/14
QQ é‚®ç®±è¿˜èƒ½å¸®ä½ è®°ç”Ÿæ—¥ï¼Ÿ,https://blog.tujunjie.com/20230521172138,2019/01/13
3 ä¸ªå°ä¹ æƒ¯ï¼Œå¸®åŠ©ä½ æ·±åº¦æ€è€ƒä¸¨ã€Šå¥½å¥½å­¦ä¹ ã€‹è¯»ä¹¦ç¬”è®°,https://blog.tujunjie.com/20230521174200,2019/01/11
ä¸ªäººå¤§æ•°æ®ï¼šæ¶‚ä¿Šæ° 2018 å¹´çš„ 8760 å°æ—¶,https://blog.tujunjie.com/20230521194617,2019/01/10
å¦‚æœè‡³å°‘æœ‰ 10 ä½å¤§å’–å‘ä½ æ¨èåŒä¸€ç§å­¦ä¹ æ–¹æ³•ï¼Œä½ æ„¿æ„å­¦å—ï¼Ÿ,https://blog.tujunjie.com/20230521203107,2019/01/09
æœ‰ä¸€ç§ç—…å«æ‹¿èµ·éº¦å…‹é£å°±è¯­æ— ä¼¦æ¬¡ä¸¨å‚åŠ é“¶è¡Œèºä¸é’‰è¯»è€…è§é¢ä¼šæœ‰æ„Ÿ,https://blog.tujunjie.com/20230521203304,2019/01/07
2019 å¹´ç¬¬ 1 å‘¨ï¼Œåšå¥½è¿™å‡ ä»¶äº‹,https://blog.tujunjie.com/20230521203619,2019/01/06
ä¸ºä»€ä¹ˆè¯´åˆ—å‡ºç›®æ ‡åªå®Œæˆäº† â€œå¹´åº¦è®¡åˆ’â€ çš„ â…“,https://blog.tujunjie.com/20230521203906,2019/01/05
ä»ç½‘æ˜“äº‘æ­Œå•çœ‹æ€§æ ¼,https://blog.tujunjie.com/20230521204103,2019/01/04
ä½ å’Œæœ‰é’±äººå“ªé‡Œä¸ä¸€æ ·ä¸¨è¯»ä¹¦ç¬”è®°,https://blog.tujunjie.com/20230521204322,2019/01/03
ç—´è¿·é‡åŒ–çš„ â€œç›´ç”·ç™Œç”·å‹â€ è¯´æƒ…è¯,https://blog.tujunjie.com/20230521204452,2019/01/02
è¿‡å»ä¸€å¹´æˆ‘åˆ›é€ äº†ä»€ä¹ˆï¼Ÿ,https://blog.tujunjie.com/20230521204718,2019/01/01
æƒ³è±¡è¦ç‹‚é‡ï¼Œé¢„è¨€è¦è‡ªè¯ä¸¨ 2019 å¹´ç›®æ ‡,https://blog.tujunjie.com/20230522093839,2018/12/30
å¦‚æœç»™ä»Šå¹´æ‰“ä¸ªåˆ†ï¼Œæ€ä¹ˆæ‰“ï¼Ÿæ‰“å‡ åˆ†ï¼Ÿ,https://blog.tujunjie.com/20230522094053,2018/12/29
365 å¤©åï¼Œæˆ‘åªå‰©ä¸€åŠ â€œæœ‹å‹â€,https://blog.tujunjie.com/20230522095027,2018/12/28
2018ï¼Œè°¢è°¢ä½ ä»¬è®©æˆ‘å˜å¾—æ›´å¥½ï¼,https://blog.tujunjie.com/20230522095201,2018/12/27
å¹´åº•ï¼Œèµ„äº§ç›˜ç‚¹æ€ä¹ˆåšï¼Ÿ,https://blog.tujunjie.com/20230522095612,2018/12/26
2018ï¼Œç¾é£Ÿä¸å¯è¾œè´Ÿï¼,https://blog.tujunjie.com/20230522095805,2018/12/25
2018 å¹´ï¼Œæˆ‘å»äº†è´µé˜³ / ä½›å±± / æµ·é™µå²› / é•¿éš†æµ·æ´‹ç‹å›½,https://blog.tujunjie.com/20230522100826,2018/12/24
æ€æ ·å¿«é€Ÿåšå‡ºå†³å®šï¼Ÿ,https://blog.tujunjie.com/20230522100706,2018/12/24
ç›¸äº’å·çœ‹ï¼Œå½¼æ­¤æ²‰é»˜ï¼ˆåŸæ ‡é¢˜ï¼šæ²‰é»˜çš„çˆ¶çˆ±ï¼‰,https://blog.tujunjie.com/20230522100452,2018/12/24
æ€ä¹ˆå†™æ—¥è®°ï¼Ÿ,https://blog.tujunjie.com/20230522100336,2018/12/24
æ•´ç†ç…§ç‰‡æ—¶æ‰æƒŠè§‰æ—¶é—´é£é€,https://blog.tujunjie.com/20230522101048,2018/12/23
568 å°æ—¶ â€œé˜…è§ˆâ€ï¼Œæ˜¯ä»€ä¹ˆç»„æˆäº†æˆ‘ï¼Ÿ,https://blog.tujunjie.com/20230522103003,2018/12/22
æ±‚çŸ¥æ¬²â‰ˆæ¯å¤©æé—® 81 æ¬¡,https://blog.tujunjie.com/20230522103146,2018/12/21
â€œæ··æ—¥å­â€ çš„æ­£ç¡®å§¿åŠ¿,https://blog.tujunjie.com/20230522103648,2018/12/20
â€œå¤šå’Œè¿™ä¸ªä¸–ç•Œäº§ç”Ÿè”ç³»â€,https://blog.tujunjie.com/20230522103814,2018/12/19
æˆ‘å¸Œæœ› aTimeLogger æ˜¯ä»€ä¹ˆæ ·çš„ç¤¾ç¾¤ï¼Ÿ,https://blog.tujunjie.com/20230522104051,2018/12/18
ç”Ÿæ´»æ˜¯åŠ¨æ€çš„,https://blog.tujunjie.com/20230522103947,2018/12/18
2018ï¼Œæœ€é‡è¦çš„åš 3 ä»¶äº‹ï¼,https://blog.tujunjie.com/20230522104235,2018/12/17
æ—¶é—´åœ¨å“ªï¼Œæˆå°±åœ¨å“ª,https://blog.tujunjie.com/20230522104358,2018/12/16
å¨±ä¹æ—¶é—´è¿èµ·æ¥å¯ä»¥çœ‹ 378 æ¬¡å¤è” 3,https://blog.tujunjie.com/20230522104512,2018/12/15
æ€»æœ‰ä¸€ç¬”è´¦ï¼Œä¸ç®—ä¸çŸ¥é“â€¦,https://blog.tujunjie.com/20230522104633,2018/12/14
æˆ‘ä»Šå¹´æ„è¯†åˆ°çš„ 22 æ¡å˜åŒ–,https://blog.tujunjie.com/20230522104751,2018/12/13
æƒ³æ³•å†å¥½ï¼Œä¹Ÿè¦è½åœ°,https://blog.tujunjie.com/20230522104945,2018/12/12
2018 å¹´æˆ‘è´­ä¹°çš„ç‰©ä»¶,https://blog.tujunjie.com/20230522105412,2018/12/11
2018 å¹´æˆ‘ â€œç‰¹åˆ«å…³æ³¨â€ ä»–ä»¬,https://blog.tujunjie.com/20230522105123,2018/12/10
2018 ç¢ç‰‡ä¿¡æ¯æºå˜åŒ–,https://blog.tujunjie.com/20230522105753,2018/12/09
2018 å¹´åº¦å…³é”®è¯ï¼šé˜…è¯»,https://blog.tujunjie.com/20230522105850,2018/12/08
æ¶‚ä¿Šæ°çš„ 2018 å¹´çš„è§’è‰²åˆ†é…é¥¼å›¾,https://blog.tujunjie.com/20230522110009,2018/12/07
å†™ç»™ aTimeLogger ç¾¤å‹çš„ä¿¡,https://blog.tujunjie.com/20230522110133,2018/12/06
åšæŒè®°è´¦ 1000 å¤©ï¼Œæˆ‘å­¦ä¼šçš„ 3 ä»¶äº‹â€¦,https://blog.tujunjie.com/20230523224743,2018/10/12
åå¹´ç™¾å¥ä¸¨å®ƒä»¬å¸®æˆ‘æ„å»ºä¸‰è§‚,https://blog.tujunjie.com/20230522110406,2018/09/05
2018 å¹´ç¬¬ 3-4 å‘¨ #æƒ³æ³•# æ±‡æ€»,https://blog.tujunjie.com/20230522110600,2018/01/29
ä¸ªäººå¤§æ•°æ®ï¼šæ¶‚ä¿Šæ° 2017 å¹´çš„ 8760 å°æ—¶,https://blog.tujunjie.com/20230522114525,2018/01/21
åˆ†äº«ææœº 13 å¹´ï¼Œé‚£äº›è®©æˆ‘æ›´æœ‰æ•ˆç‡çš„ä¼˜ç§€è½¯ä»¶ï¼ˆWin10ï¼†Androidï¼‰,https://blog.tujunjie.com/20230522121005,2017/10/09
æŠ•æ”¾ç™¾åº¦ä¿¡æ¯æµï¼Œæ€æ ·æ‰¹é‡ã€æœ‰é€»è¾‘çš„å¿«é€Ÿä¸Šæ–°è®¡åˆ’ï¼Ÿ,https://blog.tujunjie.com/20230522121726,2017/09/19
ä¿¡æ¯æµæ•ˆæœä¸å¥½ï¼Ÿå¯èƒ½æ˜¯ä½ æ²¡æœ‰è®¤çœŸåšè¿‡ä¸šåŠ¡åˆ†æä¸¨é™„çº¢é…’é¡¹ç›®æŠ•æ”¾æ¡ˆä¾‹,https://blog.tujunjie.com/20230522125404,2017/09/12
è®¤è¯†è‡ªå·±çš„ 3 æ¡é€”å¾„å’Œ 10 ç§æ–¹æ³•,https://blog.tujunjie.com/20230522130751,2017/09/02
å­¦è‹±è¯­ 100 å¤©ä¸¨å­¦ç”Ÿæ—¶ä»£çš„å­¦ä¹ èƒ½åŠ›ä¸æ˜¯å·…å³°ï¼Œæƒ³å­¦ä¹ çš„æ—¶å€™æ‰æ˜¯,https://blog.tujunjie.com/20230522131401,2017/07/02
è¿™æ˜¯æˆ‘åœ¨ä¸€ç›´åšæŒçš„äº‹ï¼Œä½ çš„å‘¢ï¼Ÿ,https://blog.tujunjie.com/20230522131535,2017/05/24
åº†ç¥ 7 å¤©æ—©èµ·ç¾¤ï¼Œå››æœˆç»“ä¸š,https://blog.tujunjie.com/20230522131751,2017/05/07
åº†ç¥ 7 å¤©æ—©èµ·ç¾¤ï¼Œå››æœŸç»“ä¸š,https://blog.tujunjie.com/20230522131948,2017/04/21
è¶å¹´è½»ï¼Œå°½é‡å»è¿‡ â€œæ‰¾éº»çƒ¦â€ çš„äººç”Ÿ,https://blog.tujunjie.com/20230522132350,2017/04/15
åº†ç¥ 7 å¤©æ—©èµ·ç¾¤ï¼Œä¸‰æœŸç»“ä¸š,https://blog.tujunjie.com/20230522132545,2017/04/13
åº†ç¥ 7 å¤©æ—©èµ·ç¾¤ï¼ŒäºŒæœŸç»“ä¸š,https://blog.tujunjie.com/20230522132801,2017/04/06
åº†ç¥ 7 å¤©æ—©èµ·ç¾¤ï¼Œä¸€æœŸç»“ä¸š,https://blog.tujunjie.com/20230522133114,2017/03/30
æ‰‹æŠŠæ‰‹æ•™ä½ ç”¨ Excel åˆ†æç½‘ç«™æµé‡ï¼ˆå®ä¾‹è®²è§£ï¼‰,https://blog.tujunjie.com/20230524104312,2017/03/29
ä¸€äº›è®©æˆ‘å˜å¾—æ›´å¥½çš„å°æŠ€å·§,https://blog.tujunjie.com/20230522133520,2017/03/25
èŠ±äº† 70 å°æ—¶ 56 åˆ† 31 ç§’ï¼Œçœ‹å®Œ 100 åœº TEDï¼Œæˆ‘ç»å†äº†ä»€ä¹ˆï¼Œæ”¶è·äº†ä»€ä¹ˆï¼Ÿ,https://blog.tujunjie.com/20230522193629,2017/03/22
24 å²ï¼Œå†™ç»™æˆ‘çˆ¸,https://blog.tujunjie.com/20230523121219,2017/03/17
24 å²ï¼Œå†™ç»™æˆ‘å¦ˆ,https://blog.tujunjie.com/20230523121131,2017/03/17
24 å²ï¼Œå†™ç»™è‡ªå·±,https://blog.tujunjie.com/20230523120928,2017/03/17
æˆ‘åœ¨æ€è€ƒï¼Œæˆ‘ç°åœ¨ç”±è¡·çš„çƒ­çˆ±ä»€ä¹ˆï¼Ÿ,https://blog.tujunjie.com/20230523121827,2017/03/02
æˆ‘ä»è¿™ 4 åœºçŸ¥ä¹ Live è·å¾—çš„æ„Ÿæ‚Ÿï¼Œä»¥åŠå¦‚æœæˆ‘æ˜¯ä¸»è®²äººä¼šæ€ä¹ˆåšï¼Ÿ,https://blog.tujunjie.com/20230523122154,2017/03/01
æ€æ ·è®¾è®¡å¹¶åˆ¶ä½œä¸€ä»½è¿è¥æŠ¥å‘Šï¼Ÿ,https://blog.tujunjie.com/20230523123754,2017/01/16
ä¸ªäººå¤§æ•°æ®ï¼šæ¶‚ä¿Šæ° 2016 å¹´çš„ 8760 å°æ—¶,https://blog.tujunjie.com/20230523133612,2017/01/04
å…¬ä¼—å·ä¸Šçº¿ä¹‹å‰ï¼Œæˆ‘åšäº†å“ªäº›å‡†å¤‡ï¼Ÿ,https://blog.tujunjie.com/20230523134233,2016/12/31
ç™¾åº¦ç»Ÿè®¡å’Œ CNZZ å®é™…ä½¿ç”¨æ•ˆæœè¯„æµ‹,https://blog.tujunjie.com/20230523215935,2016/12/21
11 å¹´ Q é¾„çºªå¿µ,https://blog.tujunjie.com/20230526133139,2016/12/19
ä¸€ä½ 90 åè¿è¥è€…çš„ç²¾è¿›ä¹‹è·¯ï¼š3 å¹´è¿è¥å·¥ä½œæ•™ä¼šäº†æˆ‘ä»€ä¹ˆï¼Ÿ,https://blog.tujunjie.com/20230523220238,2016/11/30
æˆ‘ä»¬éƒ½æ˜¯ä¸çœŸå®çš„äºº,https://blog.tujunjie.com/20230523224208,2016/11/22
ä»æ–°æ‰‹åˆ°éƒ¨é—¨ Leaderï¼š2 å¹´ç®¡ç†ç»éªŒçš„ 90 åï¼Œæ€»ç»“äº† 12000 å­—ç®¡ç†å¿ƒå¾—,https://blog.tujunjie.com/20230523220516,2016/11/15
ä¸‰åå²å‰ä¸è¦æ€•,https://blog.tujunjie.com/20230526132703,2016/11/15
å¦‚æœä½ ä»Šå¤œå°±æ­»å»,https://blog.tujunjie.com/20230526131552,2016/10/29
æ•°æ®äººç”Ÿä¸¨å¦‚ä½•è¿›è¡Œé«˜æ•ˆçš„ç›®æ ‡ç®¡ç†ï¼Ÿ,https://blog.tujunjie.com/20230523221515,2016/10/25
21 å¤©æ—©èµ·è®¡åˆ’ï¼ˆ8.29-9.18ï¼‰æ—¥è®°,https://blog.tujunjie.com/20230524105610,2016/10/14
æ€æ ·æ‰èƒ½æŠŠå¿ƒåº•äº§ç”Ÿçš„é‚£ç§è½¬ç¬å³é€çš„å†³å¿ƒä¿æŒä½ï¼Ÿ,https://blog.tujunjie.com/20230524235455,2016/09/13
æœç´¢å¼•æ“è¥é”€æœ¯è¯­å…¨è§£,https://blog.tujunjie.com/20230524102632,2016/09/08
å¦‚ä½•æ„å»ºè‡ªå·±çš„ç¬”è®°ç³»ç»Ÿï¼Ÿ,https://blog.tujunjie.com/20230523214612,2016/08/26
æ•°æ®åˆ†æä¸­ä¼šå¸¸çŠ¯å“ªäº›é”™è¯¯ï¼Œå¦‚ä½•è§£å†³ï¼Ÿ,https://blog.tujunjie.com/20230524102311,2016/08/10
å¦‚ä½•é«˜æ•ˆçš„æœç´¢ï¼Ÿ,https://blog.tujunjie.com/20230525000928,2016/07/23
åœ¨ã€Œé­åˆ™è¥¿äº‹ä»¶ã€ä¸­ï¼Œé™¤äº†æŠµåˆ¶ç™¾åº¦ï¼Œè¿˜æœ‰å“ªäº›æ›´é‡è¦çš„äº‹æƒ…ï¼Ÿ,https://blog.tujunjie.com/20230524110040,2016/05/03
é•¿å¤§äº†ï¼Œå†ä¸å’¬æ–‡åš¼å­—,https://blog.tujunjie.com/20230526122317,2016/04/20
ä½¿ç”¨å“ªäº›è½¯ä»¶èƒ½æå¤§æé«˜å·¥ä½œæ•ˆç‡ï¼Ÿ,https://blog.tujunjie.com/20230523224045,2016/03/17
å¦ˆå¦ˆç”Ÿæ—¥å¿«ä¹,https://blog.tujunjie.com/20230526130759,2016/03/16
äººç”Ÿä»–å¤„ï¼Œå¿…æœ‰ç…§åº”,https://blog.tujunjie.com/20230526124247,2015/09/25
å¿†ç¬¬ä¸€æ¬¡å‚åŠ æ‹›è˜ä¼š,https://blog.tujunjie.com/20230526124412,2015/09/21
ä½å¤´åƒé¥­ï¼Œä»–å…ˆåŠ¨ç­·ï¼Œæˆ‘è·Ÿç€,https://blog.tujunjie.com/20230526124816,2015/09/12
ã€Œç¦»å¼€ã€æ˜¯ä¸€ç§ä»€ä¹ˆæ ·çš„ä½“éªŒï¼Ÿ,https://blog.tujunjie.com/20230525091333,2015/08/17
ä½ ç»å†è¿‡å“ªäº›ã€Œå°ç¡®å¹¸ã€ï¼Ÿ,https://blog.tujunjie.com/20230525162107,2015/07/11
å°é¾™è™¾å¼•å‘çš„å¤§æƒ…ç»ª,https://blog.tujunjie.com/20230526123616,2015/06/06
å¡ç­æ˜¯å¦‚ä½•è¡°è´¥çš„ï¼Ÿ,https://blog.tujunjie.com/20230525162509,2015/04/17
ä½ å¥½ï¼Œé™Œç”Ÿäºº,https://blog.tujunjie.com/20230526122655,2015/04/15
åˆ«æ‰­ï¼Œå°±ä¸å¼ºæ±‚,https://blog.tujunjie.com/20230526121724,2015/04/09
çˆ±å“­é¬¼ï¼Œä»ä¸å“­,https://blog.tujunjie.com/20230526115301,2015/04/08
æ­Œç‹ä¹‹å¤œï¼Œæ±ªæ¶µæ•‘åœº,https://blog.tujunjie.com/20230526131037,2015/03/28
ä¸ºä»€ä¹ˆæˆ‘ä»¬çš„å¯†ç å¸¸æ¢ï¼Ÿ,https://blog.tujunjie.com/20230526114705,2015/03/27
çƒ‚å°¾æ¡¥çƒ‚å°¾æ¥¼,https://blog.tujunjie.com/20230526114341,2015/03/24
æ¢¦å¹»è¥¿æ¸¸â€”â€”ç©ºç©º,https://blog.tujunjie.com/20230526114129,2015/03/23
ä¸è¦å‰§é€ï¼Œä¸è¦å‰§é€,https://blog.tujunjie.com/20230526113930,2015/03/21
å¯æ˜¯é—¨åœ¨å“ªé‡Œï¼Ÿ,https://blog.tujunjie.com/20230526113602,2015/03/18
ä¸æ‰“é™•è¥¿æ‹›ç‰Œçš„å‡‰çš®,https://blog.tujunjie.com/20230526113345,2015/03/16
æ›¾ç»çš„æ‰‹è‰ºäºº,https://blog.tujunjie.com/20230526113056,2015/03/12
å†ç©ä¸€æ¬¡æ‹³çš‡ 97,https://blog.tujunjie.com/20230526112834,2015/03/04
æ²¡å¤´è„‘ï¼Œæ— æ„ä¹‰,https://blog.tujunjie.com/20230526112138,2015/03/02
æ•…äº‹æˆ›ç„¶è€Œæ­¢,https://blog.tujunjie.com/20230526111756,2015/02/27
æŒ‘æ‰æ‹…å–è±†èŠ±,https://blog.tujunjie.com/20230526111545,2015/02/25
ä¸æ•™èƒ¡é©¬åº¦é˜´å±±,https://blog.tujunjie.com/20230526111339,2015/02/10
è½ barï¼Œé†’ç€åˆ°æ¥å¹´,https://blog.tujunjie.com/20230526111011,2015/02/08
æ²¡é”™ï¼Œæˆ‘æ˜¯ä¸ªåƒè´§,https://blog.tujunjie.com/20230526110807,2015/02/07
æ¯å¤©èƒ½å†™æ–‡ç« ï¼ˆåšå®¢ã€å¾®ä¿¡å…¬ä¼—å·ï¼‰çš„äººæ˜¯æ€ä¹ˆå®‰æ’æ—¶é—´çš„ï¼Ÿ,https://blog.tujunjie.com/20230525162845,2015/02/06
èµ°ä¸€æ­¥è·¯ä¸éœ€è¦å‹‡æ°”,https://blog.tujunjie.com/20230526110653,2015/02/04
å…¬äº¤ä¸Šçš„ä¹å¹´,https://blog.tujunjie.com/20230526110528,2015/01/31
äººå„æœ‰å¿—ï¼Œæˆ‘æƒ³è¯•ä¸€è¯•,https://blog.tujunjie.com/20230526110423,2015/01/30
â€œä»Šå¹´ä¼°è®¡æ˜¯èƒ½èšé½çš„æœ€åä¸€å¹´äº†å•Šâ€,https://blog.tujunjie.com/20230526110326,2015/01/29
è·Œå€’äº†ï¼Œè¯·è®©æˆ‘å¥½å¥½ä¼‘æ¯ä¸€ä¼šã€‚,https://blog.tujunjie.com/20230526105449,2015/01/22
å¦‚ä½•çœ‹å¾…ã€Œçˆ¶æ¯ä¸ºç”ŸäºŒèƒé€¼å¾— 13 å²é•¿å¥³è‡ªæ€ã€ï¼Ÿ,https://blog.tujunjie.com/20230525163340,2015/01/20
æ—¶é—´å¤ªç˜¦ï¼ŒæŒ‡ç¼å¤ªå®½ã€‚,https://blog.tujunjie.com/20230526105340,2015/01/18
ä»–ä»¬åªæ˜¯è·¯è¿‡,https://blog.tujunjie.com/20230526105243,2015/01/15
ä¸å‘å°ç„æ­¦æ¹–æ³›èˆŸ,https://blog.tujunjie.com/20230526105046,2015/01/13
ä½ ä¸ºä»€ä¹ˆä¸è¡¨ç™½ï¼Ÿ,https://blog.tujunjie.com/20230525163847,2015/01/12
æˆ‘ä¸æ­Œçš„æ•…äº‹,https://blog.tujunjie.com/20230526104728,2015/01/11
å¾€å‰åé‡Œï¼Œåœ°é“åŠå°æ—¶,https://blog.tujunjie.com/20230526104528,2015/01/10
è¿›ç¢Ÿï¼Œèµ·æ­Œã€‚,https://blog.tujunjie.com/20230526104405,2015/01/09
æˆ‘åœ¨å¹¿å·çš„æˆ¿ä¸œ,https://blog.tujunjie.com/20230526104228,2015/01/07
åœ¨æœ€è‰°éš¾çš„æ—¶åˆ»ï¼Œæ˜¯ä»€ä¹ˆè®©ä½ åº¦è¿‡éš¾å…³ï¼Ÿ,https://blog.tujunjie.com/20230525164108,2015/01/03
é¡¾åŸçš„ç”Ÿå¹³æ˜¯å¦å½±å“åˆ«äººå–œæ¬¢ä»–çš„è¯—ï¼Ÿ,https://blog.tujunjie.com/20230524110747,2014/12/30
ä¸€ä¸ªç¼ºä¹ç‰¹é•¿çš„çŸ¥ä¹æ–°äººå¦‚ä½•åœ¨çŸ¥ä¹ä¸Šè·å¾—æ›´å¤šæ³¨æ„å’Œè®¤åŒï¼Ÿ,https://blog.tujunjie.com/20230525164338,2014/08/29
ä¸ºä»€ä¹ˆäººä»¬é•¿æ—¶é—´ä¸è”ç³»ä¼šå¯¼è‡´å…³ç³»ç–è¿œï¼Ÿ,https://blog.tujunjie.com/20230525164521,2014/08/25
è®©ä½ æ„ŸåŠ¨åˆ°å“­çš„ç”µå½±æ˜¯ä»€ä¹ˆï¼Ÿ,https://blog.tujunjie.com/20230525164756,2014/08/22
